# Sip word list — adapted from the New General Service List (NGSL) and New Academic Word List (NAWL) by Browne, C., Culligan, B., & Phillips, J. — CC BY-SA 4.0 (https://creativecommons.org/licenses/by-sa/4.0/) — https://www.newgeneralservicelist.com — Sip's adaptation (level order, Korean meanings, examples) is shared under the same license.
level,day,word,pos,korean,example1,example2,source_list
1,1,have,verb,가지다,We have more time than them.,Do you have a good one?,NGSL
1,1,do,verb,하다,What can I do for you?,She did well this year.,NGSL
1,1,say,verb,말하다,What did she say to you?,He says it is very good.,NGSL
1,1,go,verb,가다,I will go there with you.,When do you go out?,NGSL
1,1,all,determiner,모든,All the people were there.,Do you know all these people?,NGSL
1,2,if,conjunction,만약,"If it is good, take one.",Will you come if I go?,NGSL
1,2,one,number,하나,One of them is very good.,Can I have just one?,NGSL
1,2,about,preposition,~에 대해,What do you think about this?,I know all about it.,NGSL
1,2,which,determiner,어느,Which one do you like more?,I know which one is good.,NGSL
1,2,there,adverb,거기에,They were there all year.,Who is there?,NGSL
1,3,know,verb,알다,I know what you think.,Do you know these people?,NGSL
1,3,more,determiner,더 많은,I have more time than you.,Do you have more of these?,NGSL
1,3,get,verb,얻다,I will get one for you.,What did you get this year?,NGSL
1,3,who,pronoun,누구,Who is that with you?,I know who did it.,NGSL
1,3,like,verb,좋아하다,I like these people very much.,Do you like it?,NGSL
1,4,when,conjunction,~할 때,Come and see me when you can.,"When she came, we all went out.",NGSL
1,4,think,verb,생각하다,I think it is very good.,Do you think she will come?,NGSL
1,4,make,verb,만들다,I will make one for you.,Who made this?,NGSL
1,4,time,noun,시간,Do you have time for me?,It is time to go.,NGSL
1,4,see,verb,보다,I see some people out there.,Did you see that?,NGSL
1,5,what,pronoun,무엇,What is this?,I know what you like.,NGSL
1,5,up,adverb,위로,She went up to see them.,Come up and see this.,NGSL
1,5,some,determiner,몇몇의,Some people like to go out.,I have some time for you.,NGSL
1,5,other,determiner,다른,I like the other one more.,What do other people think?,NGSL
1,5,out,adverb,밖으로,She went out to see them.,Can you come out with us?,NGSL
1,6,good,adjective,좋은,This is a very good one.,Is it good for you?,NGSL
1,6,people,noun,사람들,"Some people like it, some do not.",Who are these people?,NGSL
1,6,year,noun,해,I was there all year.,Which year was it?,NGSL
1,6,take,verb,가져가다,Take this with you.,Who took the other one?,NGSL
1,6,no,interjection,아니요,"No, I do not think so.",Did she say no to you?,NGSL
1,7,well,adverb,잘,She did very well this year.,Do you know him well?,NGSL
1,7,because,conjunction,왜냐하면,I like it because it is good.,She went because you said so.,NGSL
1,7,very,adverb,매우,This is very good.,Do you like it very much?,NGSL
1,7,just,adverb,그냥,I just like it.,Can we just go?,NGSL
1,7,come,verb,오다,Come and see me.,When will they come?,NGSL
2,1,work,verb,일하다,I work here all day.,Do you work with them?,NGSL
2,1,use,verb,사용하다,Can I use this now?,We use it all the time.,NGSL
2,1,now,adverb,지금,I need to go now.,What do you want now?,NGSL
2,1,then,adverb,그다음에,"First we work, then we go out.",Then what did you say?,NGSL
2,1,also,adverb,또한,I also want to go.,She is also very good.,NGSL
2,2,only,adverb,오직,I only have one now.,Do you only want this one?,NGSL
2,2,look,verb,바라보다,Look at this new thing!,Why are you looking at me?,NGSL
2,2,want,verb,원하다,I want a new one.,What do you want to do?,NGSL
2,2,give,verb,주다,Give me some time.,Did she give it back to you?,NGSL
2,2,first,adjective,첫 번째,This is my first time here.,Who was the first one there?,NGSL
2,3,new,adjective,새로운,Do you have any new work?,She has a new way to do it.,NGSL
2,3,way,noun,방법,This is a good way to do it.,Is there any other way?,NGSL
2,3,find,verb,찾다,I can find it for you.,Did you find what you wanted?,NGSL
2,3,over,preposition,~위로,The ball went over my head.,Can you see over those people?,NGSL
2,3,any,determiner,어떤,Do you have any time now?,I do not want any more.,NGSL
2,4,after,preposition,~후에,Come back after work.,What do you do after this?,NGSL
2,4,day,noun,날,What a good day it was!,Do you work all day?,NGSL
2,4,where,adverb,어디에,Where do you want to go?,I know where it is.,NGSL
2,4,thing,noun,것,What is that thing over there?,I have many things to do.,NGSL
2,4,most,determiner,대부분의,Most people like this one.,Most children like new things.,NGSL
2,5,need,verb,필요하다,I need more time.,Do you need me now?,NGSL
2,5,much,adverb,많이,Thank you very much.,I do not like it much.,NGSL
2,5,right,adjective,맞는,You are right about that.,Is this the right way?,NGSL
2,5,how,adverb,어떻게,How do you know that?,Tell me how it works.,NGSL
2,5,back,adverb,뒤로,She looked back at us.,Can we go back now?,NGSL
2,6,mean,verb,의미하다,What do you mean by that?,It means a lot to me.,NGSL
2,6,even,adverb,심지어,Even a child can do it.,He did not even look at me.,NGSL
2,6,here,adverb,여기에,Come here and look at this.,Is there any work here?,NGSL
2,6,many,determiner,많은,Many people work here.,How many children do you have?,NGSL
2,6,such,determiner,그런,Do not say such things.,It was such a good day.,NGSL
2,7,last,adjective,지난,I saw him last year.,What did you do last time?,NGSL
2,7,child,noun,아이,The child is with her.,Do you have any children?,NGSL
2,7,tell,verb,말해주다,Tell me about your day.,Did he tell you the time?,NGSL
2,7,really,adverb,정말,I really like this one.,Do you really want to go?,NGSL
2,7,call,verb,전화하다,Call me back after work.,Did she call you last night?,NGSL
3,1,before,preposition,~전에,Call me before you come.,Did you know her before this year?,NGSL
3,1,company,noun,회사,She works for a new company.,Which company do you work for?,NGSL
3,1,through,preposition,~을 통해,We walked through the door.,Can you see through this window?,NGSL
3,1,down,adverb,아래로,Just put it down here.,Why did he look down?,NGSL
3,1,show,verb,보여주다,Can you show me the way?,She showed us her new work.,NGSL
3,2,life,noun,삶,Life is good here.,Do you like your new life?,NGSL
3,2,man,noun,남자,The man asked for help.,Who is that man over there?,NGSL
3,2,change,verb,바꾸다,I want to change my life.,Can we change the time?,NGSL
3,2,place,noun,장소,This is a good place to talk.,Is this the right place?,NGSL
3,2,long,adjective,긴,It was a very long day.,Is it a long way there?,NGSL
3,3,between,preposition,~사이에,Put it between these two things.,Who is that man between them?,NGSL
3,3,feel,verb,느끼다,I feel very good now.,How do you feel about it?,NGSL
3,3,too,adverb,너무,This is too much for me.,Is it too long?,NGSL
3,3,still,adverb,여전히,He is still at work.,Do you still like it?,NGSL
3,3,problem,noun,문제,We have a problem here.,What is the problem now?,NGSL
3,4,write,verb,글을 쓰다,She writes to me a lot.,Can you write it down for me?,NGSL
3,4,same,adjective,같은,We work at the same place.,Do you have the same problem?,NGSL
3,4,lot,noun,많음,We have a lot of time.,Do you know a lot of people?,NGSL
3,4,great,adjective,아주 좋은,That is a great way to help.,Was it a great day for you?,NGSL
3,4,try,verb,시도하다,Let me try it one more time.,Did you try to call her?,NGSL
3,5,leave,verb,떠나다,We have to leave now.,When did she leave the company?,NGSL
3,5,number,noun,숫자,Write the number down here.,Which number do you like most?,NGSL
3,5,both,determiner,둘 다,Both of them like the place.,Can we do both things now?,NGSL
3,5,own,adjective,자신의,She has her own company.,Do you have your own place?,NGSL
3,5,part,noun,부분,This part is very good.,Which part do you like most?,NGSL
3,6,point,noun,요점,What is your point?,I see your point now.,NGSL
3,6,little,adjective,조그만,They live in a little house.,Look at that little child!,NGSL
3,6,help,verb,돕다,Can you help me with this?,She helped us a lot.,NGSL
3,6,ask,verb,물어보다,Can I ask you something?,He asked me about my work.,NGSL
3,6,meet,verb,만나다,Let's meet at the same place.,Have you met him before?,NGSL
3,7,start,verb,시작하다,When does the work start?,We can start now.,NGSL
3,7,talk,verb,이야기하다,Can we talk about it now?,They talked for a long time.,NGSL
3,7,something,pronoun,무언가,I want to tell you something.,Something is not right here.,NGSL
3,7,put,verb,놓다,Put the things over there.,Where did you put it?,NGSL
3,7,another,determiner,또 다른,Can I have another one?,She works at another company now.,NGSL
4,1,become,verb,~이 되다,He wants to become a good man.,How did you become so good?,NGSL
4,1,interest,noun,관심,She has a great interest in books.,Do you have any interest in this?,NGSL
4,1,country,noun,나라,This country has many old houses.,Which country do you come from?,NGSL
4,1,old,adjective,오래된,This is a very old house.,Is your school old or new?,NGSL
4,1,each,determiner,각각의,Each child gets a new book.,Does each family have a house?,NGSL
4,2,school,noun,학교,My child goes to school each day.,Where is your school?,NGSL
4,2,late,adjective,늦은,I was late for school again.,Is it too late to call?,NGSL
4,2,high,adjective,높은,This is a very high place.,Is the number too high?,NGSL
4,2,different,adjective,다른,We live in different countries.,Why is this book so different?,NGSL
4,2,off,adverb,떨어져,The book fell off the table.,"Can you take that off, please?",NGSL
4,3,next,adjective,다음의,See you next week!,What is the next problem?,NGSL
4,3,end,noun,끝,This is the end of the book.,Is it the end of the day?,NGSL
4,3,live,verb,살다,Where do you live now?,They live in an old house.,NGSL
4,3,why,adverb,왜,Why are you so late?,I know why she left.,NGSL
4,3,while,conjunction,~하는 동안,Call me while you are home.,I read while the children play.,NGSL
4,4,world,noun,세상,People all over the world like this.,Do you want to see the world?,NGSL
4,4,week,noun,일주일,This week was very long.,Can we meet next week?,NGSL
4,4,play,verb,놀다,The children play at home.,Do you want to play with us?,NGSL
4,4,home,noun,집,I want to go home now.,Is he at home right now?,NGSL
4,4,never,adverb,절대 ~않다,I have never been there.,She never comes home late.,NGSL
4,5,include,verb,포함하다,Does this include the last part?,The group includes people from many countries.,NGSL
4,5,course,noun,강좌,I take a new course each year.,Is this course good for children?,NGSL
4,5,house,noun,주택,The house is old but very nice.,Is this your new house?,NGSL
4,5,report,noun,보고서,I need to write a report.,Did you see the new report?,NGSL
4,5,group,noun,집단,A group of children came in.,Are you in this group too?,NGSL
4,6,case,noun,경우,"In that case, we can go now.",That was a different case.,NGSL
4,6,woman,noun,여자,The woman next to me was kind.,Do you know that woman?,NGSL
4,6,around,preposition,~주위에,Many people live around the school.,Is there a school around here?,NGSL
4,6,book,noun,책,This book is about my country.,Which book do you like most?,NGSL
4,6,family,noun,가족,My family lives in an old house.,How many people are in your family?,NGSL
4,7,seem,verb,~처럼 보이다,She seems like a kind woman.,Does this seem right to you?,NGSL
4,7,let,verb,~하게 하다,Let me help you with that.,Will you let the children play?,NGSL
4,7,again,adverb,다시,Can you say that again?,We met again after many years.,NGSL
4,7,kind,noun,종류,What kind of book is this?,I like this kind of place.,NGSL
4,7,keep,verb,계속하다,Please keep working on this.,Why do you keep asking me that?,NGSL
5,1,hear,verb,듣다,Did you hear what she said?,I can hear people talking now.,NGSL
5,1,system,noun,시스템,The new system works well.,Do you know how this system works?,NGSL
5,1,every,determiner,모든,I go to school every day.,Every child needs a good home.,NGSL
5,1,question,noun,질문,Can I ask you a question?,That is a good question.,NGSL
5,1,during,preposition,~동안,Do not talk during the show.,What did you do during the week?,NGSL
5,2,always,adverb,항상,She always comes home late.,Why do you always ask that?,NGSL
5,2,big,adjective,큰,They live in a big house.,How big is your school?,NGSL
5,2,set,verb,정하다,Let's set a time to meet.,Have you set a time to start?,NGSL
5,2,small,adjective,작은,I live in a small house.,That is a very small problem.,NGSL
5,2,study,verb,공부하다,I study every day after school.,What do you want to study?,NGSL
5,3,follow,verb,따라가다,Please follow me this way.,Why did he follow you home?,NGSL
5,3,begin,verb,시작하다,When does the show begin?,Let's begin our work now.,NGSL
5,3,important,adjective,중요한,This is a very important question.,Why is family so important to you?,NGSL
5,3,since,preposition,~이후로,I have lived here since last year.,She has not called since last week.,NGSL
5,3,run,verb,달리다,I run every day before work.,Did you run to school today?,NGSL
5,4,under,preposition,~아래에,She put the money under the book.,What is under this book?,NGSL
5,4,turn,verb,돌다,Turn right at the school.,She turned and looked at me.,NGSL
5,4,few,determiner,몇몇의,I have a few good friends.,Only a few people came today.,NGSL
5,4,bring,verb,가져오다,Please bring your book to school.,Did you bring any money?,NGSL
5,4,early,adverb,일찍,I get up early every day.,Why did you come home so early?,NGSL
5,5,hand,noun,손,Please give me your hand.,What is in your hand?,NGSL
5,5,state,noun,상태,The house is in a good state.,What state is the company in?,NGSL
5,5,move,verb,움직이다,Can you move your hand a little?,Do not move until I say so.,NGSL
5,5,money,noun,돈,I need money for a new book.,How much money do you have?,NGSL
5,5,fact,noun,사실,Tell me the facts about this case.,It is a fact that people change.,NGSL
5,6,however,adverb,하지만,"However, we still need more time.","The work, however, was not done.",NGSL
5,6,area,noun,지역,Do you live in this area?,This area has many good schools.,NGSL
5,6,provide,verb,제공하다,The school provides books for children.,Can you provide more help this week?,NGSL
5,6,name,noun,이름,What is your name?,Please write your name here.,NGSL
5,6,read,verb,읽다,I read a good book last week.,Can you read this for me?,NGSL
5,7,friend,noun,친구,She is a very good friend.,How many friends do you have?,NGSL
5,7,month,noun,달,I start my new work next month.,Which month do you like most?,NGSL
5,7,large,adjective,커다란,They have a large family.,How large is this area?,NGSL
5,7,business,noun,사업,My friend started a new business.,Is the business doing well this year?,NGSL
5,7,without,preposition,~없이,I cannot live without my friends.,Did you leave without your money?,NGSL
6,1,information,noun,정보,I need more information about the school.,Where can I find this information?,NGSL
6,1,open,verb,열다,I opened the book and began to read.,What time does the market open?,NGSL
6,1,order,noun,순서,Put these words in the right order.,Is this the right order?,NGSL
6,1,government,noun,정부,The government runs the schools here.,What does the government do for people?,NGSL
6,1,word,noun,단어,What does this word mean?,I study new words every day.,NGSL
6,2,issue,noun,쟁점,This is a big issue for us.,Did they talk about the money issue?,NGSL
6,2,market,noun,시장,We buy many things at the market.,Is the market open today?,NGSL
6,2,pay,verb,돈을 내다,I will pay for the book.,How much did you pay for it?,NGSL
6,2,build,verb,짓다,They want to build a new house.,Who built this school?,NGSL
6,2,hold,verb,잡고 있다,Hold my hand when we go out.,Can you hold this book for me?,NGSL
6,3,service,noun,서비스,The service at this place is great.,Do they have good service here?,NGSL
6,3,against,preposition,~에 반대하여,Many people are against the new plan.,Are you for or against it?,NGSL
6,3,believe,verb,믿다,I believe what she said.,Do you believe him?,NGSL
6,3,second,number,두 번째,This is my second time here.,He is the second child in his family.,NGSL
6,3,though,conjunction,~이지만,"Though it was late, we kept working.","I like this house, though it is small.",NGSL
6,4,yes,interjection,네,"Yes, I would love to come.",Did you say yes to him?,NGSL
6,4,love,verb,사랑하다,I love my family very much.,Do you love your new job?,NGSL
6,4,increase,verb,늘어나다,The number of children here has increased.,Did your pay increase this year?,NGSL
6,4,job,noun,직업,She found a new job last month.,Do you like your job?,NGSL
6,4,plan,noun,계획,What is your plan for today?,We made a plan for the week.,NGSL
6,5,result,noun,결과,We will know the result next week.,What was the result of the study?,NGSL
6,5,away,adverb,떨어져,The market is an hour away.,How far away is your house?,NGSL
6,5,example,noun,예시,Can you give me an example?,This is a good example of that.,NGSL
6,5,happen,verb,일어나다,What happened here today?,Good things happen every day.,NGSL
6,5,offer,verb,제의하다,He offered to help me.,Did they offer you the job?,NGSL
6,6,young,adjective,젊은,She is still very young.,Many young people live in this area.,NGSL
6,6,close,verb,닫다,Close the book and look at me.,What time does the school close?,NGSL
6,6,program,noun,프로그램,This program helps young people find jobs.,Which program do you like most?,NGSL
6,6,lead,verb,이끌다,She will lead the group this week.,Who leads the company now?,NGSL
6,6,buy,verb,사다,I want to buy a new book.,Where did you buy that?,NGSL
6,7,understand,verb,이해하다,I understand what you mean.,Do you understand this question?,NGSL
6,7,thank,verb,감사하다,Thank you for your help.,I thanked her for the book.,NGSL
6,7,far,adverb,멀리,How far is the school from here?,Do not go too far.,NGSL
6,7,today,adverb,오늘,I have a lot of work today.,What are you doing today?,NGSL
6,7,hour,noun,한 시간,I read for an hour every day.,How many hours do you work?,NGSL
7,1,student,noun,학생,She is a good student at school.,Are there many students in your school?,NGSL
7,1,face,noun,얼굴,He has a kind face.,Did you see her face today?,NGSL
7,1,hope,verb,희망하다,I hope you feel better today.,Do you hope to see him again?,NGSL
7,1,idea,noun,아이디어,That is a very good idea.,Do you have any new ideas?,NGSL
7,1,cost,noun,비용,The cost of the house is high.,What is the cost of this book?,NGSL
7,2,less,adverb,덜,I work less than last year.,Is this one less important?,NGSL
7,2,room,noun,방,My room is very small.,Is there a room for us?,NGSL
7,2,until,preposition,~까지,I will be here until next week.,Did you work until late last night?,NGSL
7,2,reason,noun,이유,What is the reason for this?,She gave me a good reason.,NGSL
7,2,form,noun,형태,Play is one form of learning.,Is this a new form of business?,NGSL
7,3,spend,verb,쓰다,I spend a lot of time here.,How much money did you spend?,NGSL
7,3,head,noun,머리,He turned his head to look.,Put your hand on your head.,NGSL
7,3,car,noun,자동차,My new car is very big.,Did you come by car today?,NGSL
7,3,learn,verb,배우다,I want to learn new words.,Where did you learn to do that?,NGSL
7,3,level,noun,수준,Her reading level is very high.,What level are you at now?,NGSL
7,4,person,noun,사람,She is a very kind person.,Who is that person over there?,NGSL
7,4,experience,noun,경험,He has a lot of work experience.,Was it a good experience for you?,NGSL
7,4,once,adverb,한 번,I met her only once.,We play here once a week.,NGSL
7,4,member,noun,회원,She is a member of our group.,Are you a member here?,NGSL
7,4,enough,determiner,충분한,Do we have enough time today?,There is enough money for all of us.,NGSL
7,5,bad,adjective,나쁜,That was a bad idea.,Why do you feel so bad?,NGSL
7,5,city,noun,도시,This city is very big.,Do you live in the city?,NGSL
7,5,night,noun,밤,We talked late into the night.,Did you work last night?,NGSL
7,5,able,adjective,~할 수 있는,She is able to help you.,Are you able to come today?,NGSL
7,5,support,verb,지지하다,We all support your new plan.,Will you support me on this?,NGSL
7,6,whether,conjunction,~인지 아닌지,I do not know whether he will come.,Ask her whether she wants to go.,NGSL
7,6,line,noun,줄,Write your name on this line.,Is there a long line today?,NGSL
7,6,present,adjective,현재의,What is your present job?,The present system works well.,NGSL
7,6,side,noun,쪽,Which side of the room is yours?,The car is on the other side.,NGSL
7,6,quite,adverb,상당히,It is quite late now.,Are you quite sure about that?,NGSL
7,7,although,conjunction,~이지만,"Although it was late, we kept working.","She came, although she was not well.",NGSL
7,7,sure,adjective,확신하는,I am sure he will come.,Are you sure about this?,NGSL
7,7,term,noun,용어,What does this term mean?,This term is used in business.,NGSL
7,7,least,adverb,가장 적게,This is the least important part.,Who works the least in your group?,NGSL
7,7,age,noun,나이,What is your age?,People of all ages can play.,NGSL
8,1,low,adjective,낮은,The price is very low today.,Is the cost still low this year?,NGSL
8,1,speak,verb,말하다,I want to speak to you after school.,Do you speak to your parents every day?,NGSL
8,1,within,preposition,~이내에,The work will end within a week.,Can you come back within an hour?,NGSL
8,1,process,noun,과정,This process takes about one hour.,Is the process hard for new students?,NGSL
8,1,public,adjective,공공의,There is a public meeting at school today.,Is this a public place or not?,NGSL
8,2,often,adverb,자주,I often meet my friends after work.,How often do you read books?,NGSL
8,2,train,noun,기차,We took the train to the city.,Does this train go to your school?,NGSL
8,2,possible,adjective,가능한,Is it possible to meet today?,Come home as early as possible.,NGSL
8,2,actually,adverb,사실은,"Actually, I do not like this book.",Did she actually say that to you?,NGSL
8,2,rather,adverb,차라리,I would rather go home now.,Would you rather read or play?,NGSL
8,3,view,noun,경치,The view from my room is great.,Do you like the view from here?,NGSL
8,3,together,adverb,함께,We went to school together every day.,Can we work on this together?,NGSL
8,3,consider,verb,고려하다,I will consider your idea this week.,Did you consider buying a new car?,NGSL
8,3,price,noun,가격,The price of this book is low.,What is the price of that car?,NGSL
8,3,parent,noun,부모,My parents live in a small city.,Do your parents work every day?,NGSL
8,4,hard,adjective,힘든,This question is very hard for me.,Is it hard to find a good job?,NGSL
8,4,party,noun,파티,We had a big party at home.,Are you coming to my party?,NGSL
8,4,local,adjective,지역의,We often go to the local market.,Do you know any local people here?,NGSL
8,4,control,noun,통제,The car went out of control.,Who has control over the money?,NGSL
8,4,already,adverb,이미,I have already read this book.,Is she already at home?,NGSL
8,5,concern,noun,걱정,My biggest concern is the price.,Do you have any concerns about the plan?,NGSL
8,5,product,noun,제품,This new product is very good.,Which product do you like most?,NGSL
8,5,lose,verb,잃어버리다,I always lose my keys.,Did she lose her book at school?,NGSL
8,5,story,noun,이야기,She told us a great story.,Do you know any good stories?,NGSL
8,5,almost,adverb,거의,It is almost time to go home.,Almost every student has a book.,NGSL
8,6,continue,verb,계속하다,We will continue this work next week.,Will you continue to study here next year?,NGSL
8,6,stand,verb,서다,Stand up and look at me.,Why is he standing by the car?,NGSL
8,6,whole,adjective,전체의,I read the whole book last night.,Did you spend the whole day at home?,NGSL
8,6,yet,adverb,아직,I have not seen it yet.,Has the train come yet?,NGSL
8,6,rate,noun,비율,The pass rate for the test was high.,Is the interest rate low this year?,NGSL
8,7,care,noun,돌봄,Children need a lot of care.,Who takes care of the old man?,NGSL
8,7,expect,verb,기대하다,I expect you to come early.,Do you expect a good result?,NGSL
8,7,effect,noun,효과,The new plan had a good effect.,What effect did the change have?,NGSL
8,7,sort,noun,종류,What sort of book do you like?,I like all sorts of music.,NGSL
8,7,ever,adverb,한 번이라도,Have you ever been to that city?,Do you ever think about your old school?,NGSL
9,1,anything,pronoun,무엇이든,Do you need anything from the store?,I can help with anything you need.,NGSL
9,1,cause,verb,일으키다,Too much work can cause problems.,What caused the change in price?,NGSL
9,1,fall,verb,떨어지다,Prices fall at the end of the year.,Did the child fall down again?,NGSL
9,1,deal,noun,거래,We got a good deal on the car.,Did both sides agree to the deal?,NGSL
9,1,water,noun,물,I need some water after the run.,The children play in the water.,NGSL
9,2,send,verb,보내다,Can you send me the report today?,Did she send the money last week?,NGSL
9,2,allow,verb,허락하다,My parents allow me to play late.,Does the school allow this?,NGSL
9,2,soon,adverb,곧,The train will come soon.,How soon can you get here?,NGSL
9,2,watch,verb,지켜보다,We watch the children play every day.,Did you watch the show last night?,NGSL
9,2,base,noun,기초,The base of the house is very old.,Does this box have a flat base?,NGSL
9,3,probably,adverb,아마,She will probably come late.,He is probably at work now.,NGSL
9,3,suggest,verb,제안하다,I suggest we start the work early.,What do you suggest for the party?,NGSL
9,3,past,adjective,과거의,The past year was hard for us.,Have you read the past reports?,NGSL
9,3,power,noun,힘,The government has a lot of power.,Does the car have enough power?,NGSL
9,3,test,noun,시험,I have a big test next week.,Did you study for the test?,NGSL
9,4,visit,verb,방문하다,We visit my parents every month.,Did you visit the old city?,NGSL
9,4,center,noun,중심,The school is in the city center.,What is in the center of the room?,NGSL
9,4,grow,verb,자라다,The children grow bigger every year.,How much did the city grow last year?,NGSL
9,4,nothing,pronoun,아무것도,There is nothing in the room.,Why did you say nothing at the meeting?,NGSL
9,4,return,verb,돌아오다,She will return home next week.,When did they return from the city?,NGSL
9,5,mother,noun,어머니,My mother reads a book every night.,Is your mother at home now?,NGSL
9,5,walk,verb,걷다,I walk to school every day.,Can we walk to the house?,NGSL
9,5,matter,verb,중요하다,Does the price really matter to you?,Your ideas matter to the group.,NGSL
9,5,mind,noun,마음,Keep this idea in mind.,What is on your mind today?,NGSL
9,5,value,noun,가치,The value of the house went up.,What is the value of this car?,NGSL
9,6,office,noun,사무실,I go to the office by train.,Is your office far from home?,NGSL
9,6,record,noun,기록,Keep a record of the cost.,Do you have a record of the call?,NGSL
9,6,stay,verb,머무르다,We will stay at home this week.,How long did you stay there?,NGSL
9,6,force,verb,강요하다,No one can force you to go.,Did they force him to leave early?,NGSL
9,6,stop,verb,멈추다,Can you stop the car here?,Why did the train stop?,NGSL
9,7,several,determiner,몇몇,I read several books last month.,Did several people call today?,NGSL
9,7,light,noun,빛,The room needs more light.,Is there enough light to read?,NGSL
9,7,develop,verb,개발하다,The company will develop a new car.,How did they develop this program?,NGSL
9,7,remember,verb,기억하다,I remember my first day at school.,Do you remember her name?,NGSL
9,7,bit,noun,조금,I am a bit late today.,Can you give me a bit more time?,NGSL
10,1,share,verb,함께 나누다,We share the food with our friends.,Can you share your book with me?,NGSL
10,1,real,adjective,진짜의,This is a real problem for us.,Is this a real story?,NGSL
10,1,answer,noun,대답,Do you know the answer to this question?,I need your answer today.,NGSL
10,1,sit,verb,앉다,Please sit here next to me.,We sat in the car for an hour.,NGSL
10,1,figure,noun,수치,These figures show a big change.,Look at the figures from last month.,NGSL
10,2,letter,noun,편지,I got a long letter from my friend.,Did you write a letter to your mother?,NGSL
10,2,decide,verb,결정하다,We decided to stay home today.,Did you decide where to go?,NGSL
10,2,language,noun,언어,How many languages can you speak?,Learning a new language takes time.,NGSL
10,2,subject,noun,주제,Let's talk about a different subject.,What is the subject of this book?,NGSL
10,2,class,noun,수업,We have an early class today.,How many students are in your class?,NGSL
10,3,development,noun,발전,The town has seen a lot of development.,Reading helps the development of young children.,NGSL
10,3,town,noun,작은 도시,I grew up in a small town.,The town has a new school.,NGSL
10,3,half,noun,절반,I spent half of my money.,Half of the students were late.,NGSL
10,3,minute,noun,분,Please give me a minute.,It only takes a few minutes.,NGSL
10,3,food,noun,음식,The food at this place is great.,What food do you like most?,NGSL
10,4,break,verb,깨뜨리다,Did you break this?,Children often break things when they play.,NGSL
10,4,clear,adjective,분명한,His answer was very clear.,Is the plan clear to you?,NGSL
10,4,future,noun,미래,What do you want in the future?,We must plan for the future now.,NGSL
10,4,either,conjunction,둘 중 하나,You can either walk or take the car.,Either you or I must go first.,NGSL
10,4,ago,adverb,~전에,I met her a year ago.,How long ago did you move here?,NGSL
10,5,remain,verb,남아 있다,Only a few people remained in the room.,Please remain here until I come back.,NGSL
10,5,top,noun,맨 위,Put your name at the top.,Can you see the top of the house?,NGSL
10,5,among,preposition,~가운데,She sat among her friends.,He is the oldest among the students.,NGSL
10,5,win,verb,이기다,Who will win this time?,I hope we win today.,NGSL
10,5,color,noun,색깔,What color is your new car?,I like the color of this room.,NGSL
10,6,involve,verb,수반하다,The job involves a lot of walking.,Does the plan involve many people?,NGSL
10,6,reach,verb,~에 이르다,We reached the town before night.,The letter reached me a week later.,NGSL
10,6,social,adjective,사회적인,This is a social problem for the city.,Social change takes a long time.,NGSL
10,6,period,noun,기간,It was a hard period for my family.,We lived there for a long period.,NGSL
10,6,across,preposition,~을 건너서,We walked across the town together.,Can you see the house across the water?,NGSL
10,7,note,noun,메모,I wrote a note to my mother.,Did you read the note from school?,NGSL
10,7,history,noun,역사,I love reading about world history.,This old house has a long history.,NGSL
10,7,create,verb,만들어 내다,The company created many new jobs.,Can we create something new together?,NGSL
10,7,drive,verb,운전하다,Can you drive me to school today?,My mother drives to work every day.,NGSL
10,7,along,preposition,~을 따라,We walked along the water for an hour.,There are many small houses along the street.,NGSL
11,1,type,noun,유형,What type of car do you want?,This type of food is very good.,NGSL
11,1,sound,noun,소리,I heard a sound in the night.,What is that sound?,NGSL
11,1,eye,noun,눈,She has big eyes.,Close your eyes and think of home.,NGSL
11,1,music,noun,음악,I love this music very much.,Do you play music at home?,NGSL
11,1,game,noun,게임,Let's play a game after school.,Who won the game last night?,NGSL
11,2,political,adjective,정치적인,She studies political history at school.,Is this a political question?,NGSL
11,2,free,adjective,무료의,This book is free for students.,Is the water free here?,NGSL
11,2,receive,verb,받다,Did you receive my letter?,She received a book from her friend.,NGSL
11,2,moment,noun,순간,"Just a moment, please.","At that moment, she began to talk.",NGSL
11,2,sale,noun,판매,The house is for sale now.,Book sales were high last year.,NGSL
11,3,policy,noun,정책,The school has a new policy.,What is the company policy on this?,NGSL
11,3,further,adverb,더 멀리,Can you walk a little further?,The school is further than I thought.,NGSL
11,3,body,noun,몸,Water is good for your body.,Does your body feel better today?,NGSL
11,3,require,verb,필요로 하다,This job requires a lot of time.,Does the job require a car?,NGSL
11,3,wait,verb,기다리다,Wait here for a moment.,How long did you wait for the train?,NGSL
11,4,general,adjective,일반적인,It is only a general idea.,Do you have any general questions?,NGSL
11,4,appear,verb,나타나다,A light appeared in the night.,When did the problem first appear?,NGSL
11,4,toward,preposition,~쪽으로,She walked toward the water.,Why is he running toward us?,NGSL
11,4,team,noun,팀,Our team won the game.,How many people are on your team?,NGSL
11,4,easy,adjective,쉬운,This question is very easy.,Was the test easy for you?,NGSL
11,5,individual,adjective,개인의,Each student has individual needs.,We give individual help to each child.,NGSL
11,5,full,adjective,가득 찬,The room was full of people.,Is the train already full?,NGSL
11,5,black,adjective,검은,She has a black car.,Do you want the black one?,NGSL
11,5,sense,noun,감각,She has a good sense of color.,Dogs have a strong sense of smell.,NGSL
11,5,perhaps,adverb,아마도,Perhaps we can meet next week.,He is perhaps the best player here.,NGSL
11,6,add,verb,추가하다,Add a little water to the food.,Can you add one more to the group?,NGSL
11,6,rule,noun,규칙,Every game has its own rules.,What is the first rule of the school?,NGSL
11,6,pass,verb,지나가다,A car passed us on the way.,Many people pass this place every day.,NGSL
11,6,produce,verb,생산하다,This company produces cars.,How much food do they produce a year?,NGSL
11,6,sell,verb,팔다,They sell books and music here.,Did you sell your old car?,NGSL
11,7,short,adjective,짧은,We had a short talk after class.,Why is the day so short?,NGSL
11,7,agree,verb,동의하다,I agree with you.,Did they agree on a price?,NGSL
11,7,law,noun,법,It is against the law here.,Does she study law at school?,NGSL
11,7,everything,pronoun,모든 것,Everything in the room was new.,Did you remember everything?,NGSL
11,7,research,noun,연구,She does research on language.,How long did the research take?,NGSL
12,1,cover,verb,덮다,Cover the food with this paper.,Can you cover the car at night?,NGSL
12,1,paper,noun,종이,I need some paper to write on.,Do you have any paper?,NGSL
12,1,position,noun,위치,The book is in the same position.,Can you change the position of the table?,NGSL
12,1,near,preposition,~가까이에,The school is near my house.,Is there a shop near here?,NGSL
12,1,human,adjective,인간의,The human body needs water.,Every human life is important.,NGSL
12,2,computer,noun,컴퓨터,I use my computer every day.,Is your computer new?,NGSL
12,2,situation,noun,상황,The situation is very hard right now.,How did you deal with the situation?,NGSL
12,2,staff,noun,직원,The staff at the shop were very good.,How many staff work in this office?,NGSL
12,2,activity,noun,활동,What activity do you like most?,Walking is a good activity for you.,NGSL
12,2,film,noun,영화,We watched a great film last night.,What film do you want to see?,NGSL
12,3,morning,noun,아침,I run every morning before work.,What do you do in the morning?,NGSL
12,3,war,noun,전쟁,The museum has pictures from the war.,When did the war end?,NGSL
12,3,account,noun,계좌,I need to put money in my account.,Do you have an account here?,NGSL
12,3,shop,noun,가게,The shop near my house is small.,Is the shop open today?,NGSL
12,3,major,adjective,주요한,This is a major problem for us.,What are the major cities here?,NGSL
12,4,someone,pronoun,누군가,Someone left a book on the table.,Did someone call me today?,NGSL
12,4,above,preposition,~위에,The light is above the table.,Is your room above the shop?,NGSL
12,4,design,noun,디자인,I love the design of this car.,Who made the design for the house?,NGSL
12,4,event,noun,행사,The event starts early in the morning.,Are you going to the event?,NGSL
12,4,special,adjective,특별한,Today is a special day for me.,Do you have any special plans?,NGSL
12,5,sometimes,adverb,가끔,I sometimes walk to work.,Do you sometimes feel this way?,NGSL
12,5,condition,noun,상태,The car is in good condition.,What condition is the house in?,NGSL
12,5,carry,verb,들고 가다,Can you carry this for me?,She carried the child to the car.,NGSL
12,5,choose,verb,선택하다,You can choose any color you like.,Which one did you choose?,NGSL
12,5,father,noun,아버지,My father works in the city.,Where does your father live?,NGSL
12,6,decision,noun,결정,It was a hard decision to make.,Have you made your decision yet?,NGSL
12,6,table,noun,탁자,Put the book on the table.,Is this table free?,NGSL
12,6,certain,adjective,확실한,I am certain he will come.,Are you certain about that?,NGSL
12,6,forward,adverb,앞으로,Please take one step forward.,Why did the car move forward?,NGSL
12,6,main,adjective,주된,What is the main problem here?,This is the main reason I came.,NGSL
12,7,die,verb,죽다,Her father died a long time ago.,Everything that lives must die.,NGSL
12,7,bear,verb,참다,He could not bear to leave home.,How do you bear this every day?,NGSL
12,7,cut,verb,자르다,Can you cut the paper for me?,She cut the food into small pieces.,NGSL
12,7,describe,verb,묘사하다,Can you describe your house to me?,She described the film very well.,NGSL
12,7,available,adjective,이용 가능한,Is this table available now?,The book is available at the shop.,NGSL
13,1,especially,adverb,특히,"I like music, especially old music.","It was hard, especially at first.",NGSL
13,1,strong,adjective,강한,He is very strong.,Is this table strong enough?,NGSL
13,1,rise,verb,오르다,Prices rise every year.,The water will rise soon.,NGSL
13,1,girl,noun,여자아이,The girl is reading a book.,Do you know that girl?,NGSL
13,1,maybe,adverb,어쩌면,Maybe we can meet next week.,Maybe he is at home.,NGSL
13,2,community,noun,지역 사회,Our community has a new school.,People in this community help each other.,NGSL
13,2,else,adverb,그 밖에,Do you need anything else?,Someone else will help you.,NGSL
13,2,particular,adjective,특정한,I want this particular book.,Is there a particular reason?,NGSL
13,2,role,noun,역할,She has an important role here.,What is your role at work?,NGSL
13,2,join,verb,가입하다,Would you like to join our team?,He joined the group last year.,NGSL
13,3,difficult,adjective,어려운,This question is very difficult.,Was the test difficult?,NGSL
13,3,please,interjection,제발,Please open the door.,"Can you help me, please?",NGSL
13,3,detail,noun,세부 사항,Please tell me every detail.,Can you give me more details?,NGSL
13,3,difference,noun,차이,What is the difference between them?,I see no difference here.,NGSL
13,3,action,noun,행동,We need to take action now.,Every action has a result.,NGSL
13,4,health,noun,건강,Good food is important for health.,How is your mother's health?,NGSL
13,4,eat,verb,먹다,What do you want to eat?,We ate at home last night.,NGSL
13,4,step,noun,단계,What is the next step?,Follow each step in order.,NGSL
13,4,true,adjective,사실인,Is that story true?,It is true that he left.,NGSL
13,4,phone,noun,전화,My phone is on the table.,Can I use your phone?,NGSL
13,5,draw,verb,그리다,She can draw very well.,Draw a line here.,NGSL
13,5,white,adjective,하얀,She has a white car.,Is your house white?,NGSL
13,5,date,noun,날짜,What is the date today?,Please write the date here.,NGSL
13,5,practice,noun,연습,Practice makes you better.,We have music practice after school.,NGSL
13,5,model,noun,모델,This is a new car model.,She made a model of the house.,NGSL
13,6,raise,verb,올리다,Please raise your hand.,They raised the price again.,NGSL
13,6,customer,noun,고객,The customer asked for help.,How many customers came today?,NGSL
13,6,front,noun,앞,Please sit at the front.,The shop is in front of us.,NGSL
13,6,explain,verb,설명하다,Can you explain this to me?,She explained the problem well.,NGSL
13,6,door,noun,문,Please close the door.,Who is at the door?,NGSL
13,7,outside,adverb,바깥에,The children are playing outside.,Can we eat outside today?,NGSL
13,7,behind,preposition,~뒤에,The car is behind the house.,Who is behind the door?,NGSL
13,7,economic,adjective,경제의,The country has economic problems.,Is this an economic issue?,NGSL
13,7,site,noun,웹사이트,This site has a lot of information.,Which site do you use for music?,NGSL
13,7,approach,noun,접근 방식,We need a new approach.,Is there a better approach?,NGSL
14,1,teacher,noun,선생님,My teacher is very kind.,Do you like your new teacher?,NGSL
14,1,land,noun,토지,They bought some land near the city.,Is this land good for a house?,NGSL
14,1,charge,verb,요금을 청구하다,The shop charged me for the water.,How much do you charge for this?,NGSL
14,1,finally,adverb,마침내,We finally found the right house.,Did the train finally come?,NGSL
14,1,sign,noun,표지판,The sign says the shop is closed.,Can you read that sign over there?,NGSL
14,2,nice,adjective,좋은,What a nice day it is!,She is a really nice person.,NGSL
14,2,picture,noun,사진,She took a picture of her family.,Can I see the picture you took?,NGSL
14,2,boy,noun,소년,The boy is playing with his friend.,How old is that little boy?,NGSL
14,2,happy,adjective,행복한,I am happy to see you.,Are the children happy at school?,NGSL
14,2,round,adjective,둥근,The table in the room is round.,Do you want a round table?,NGSL
14,3,road,noun,도로,The road to the town is long.,Is this the right road home?,NGSL
14,3,wear,verb,입다,What should I wear to the party?,He always wears black to work.,NGSL
14,3,kid,noun,아이,The kids are playing outside now.,How many kids do you have?,NGSL
14,3,teach,verb,가르치다,My mother teaches music at a school.,Can you teach me to drive?,NGSL
14,3,field,noun,들판,The children play in the field.,Is there a field behind your house?,NGSL
14,4,air,noun,공기,The air is clean in the country.,Can you feel the cold air?,NGSL
14,4,listen,verb,듣다,Please listen to the teacher.,Do you listen to music at night?,NGSL
14,4,foot,noun,발,Can you stand on one foot?,I put my foot in the water.,NGSL
14,4,ground,noun,땅,The kids sat on the ground.,Why is the ground so hard?,NGSL
14,4,animal,noun,동물,What animal do you like most?,My family has many animals at home.,NGSL
14,5,fight,verb,싸우다,Why do the kids fight so much?,We should not fight about money.,NGSL
14,5,street,noun,거리,Our house is on this street.,Which street do you live on?,NGSL
14,5,wife,noun,아내,My wife works at a school.,Does his wife like the new house?,NGSL
14,5,sport,noun,스포츠,Which sport do you like most?,My friend plays a new sport now.,NGSL
14,5,fire,noun,불,We sat around the fire at night.,Keep away from the fire!,NGSL
14,6,police,noun,경찰,Call the police if you need help.,The police stopped the car.,NGSL
14,6,store,noun,상점,The store opens early every day.,Is there a store near here?,NGSL
14,6,laugh,verb,웃다,The children laughed at his story.,Why are you laughing now?,NGSL
14,6,arm,noun,팔,He broke his arm last week.,Put your arms up high.,NGSL
14,6,heart,noun,심장,I can feel my heart when I run.,Running is good for your heart.,NGSL
14,7,bank,noun,은행,I need to go to the bank.,Does the bank open early today?,NGSL
14,7,fast,adjective,빠른,This is a very fast car.,Is this train fast?,NGSL
14,7,drop,verb,떨어뜨리다,Don't drop your phone in the water.,Why did she drop her paper?,NGSL
14,7,page,noun,페이지,Please open the book to this page.,Which page are we on?,NGSL
14,7,summer,noun,여름,We visit my parents every summer.,What do you do in summer?,NGSL
15,1,drink,verb,마시다,Drink some water after you run.,What do you want to drink?,NGSL
15,1,park,noun,공원,The children play in the park.,Is there a park near your house?,NGSL
15,1,key,noun,열쇠,I can't find my car key.,Did you leave the key at home?,NGSL
15,1,inside,preposition,~안에,Your book is inside the car.,Is someone inside the office?,NGSL
15,1,plant,noun,식물,This plant needs water every day.,Do you have plants in your room?,NGSL
15,2,paint,verb,칠하다,We painted the door white.,Can you help me paint the room?,NGSL
15,2,evening,noun,저녁,We walked home in the evening.,What do you do every evening?,NGSL
15,2,catch,verb,잡다,Can you catch the paper before it falls?,She caught the key with one hand.,NGSL
15,2,son,noun,아들,My son is ten years old.,How many sons do you have?,NGSL
15,2,bed,noun,침대,I go to bed at ten every night.,Is the bed big enough for two?,NGSL
15,3,hit,verb,치다,He hit his head on the door.,Did the car hit anything?,NGSL
15,3,yesterday,adverb,어제,I saw her at the shop yesterday.,Did you go to school yesterday?,NGSL
15,3,station,noun,역,The train station is near my house.,Which way is the train station?,NGSL
15,3,player,noun,선수,He is the best player on the team.,How many players does the game need?,NGSL
15,3,wall,noun,벽,There is a picture on the wall.,What color is your wall?,NGSL
15,4,tomorrow,adverb,내일,I will see you tomorrow.,Are you free tomorrow morning?,NGSL
15,4,window,noun,창문,Please open the window a little.,Who broke the window?,NGSL
15,4,tree,noun,나무,There is a big tree in the park.,How old is that tree?,NGSL
15,4,holiday,noun,휴일,We had a nice holiday last summer.,Is tomorrow a holiday?,NGSL
15,4,church,noun,교회,We go to church every week.,Is the church near your house?,NGSL
15,5,cent,noun,센트,It costs less than one cent.,I found a few cents on the floor.,NGSL
15,5,floor,noun,바닥,The kids sat on the floor.,Please keep the floor clean.,NGSL
15,5,wide,adjective,넓은,The road is very wide here.,How wide is this table?,NGSL
15,5,hotel,noun,호텔,We stayed at a nice hotel.,Is there a hotel near the station?,NGSL
15,5,movie,noun,영화,We watched a movie last night.,What movie do you want to see?,NGSL
15,6,doctor,noun,의사,You should see a doctor today.,Her mother is a doctor.,NGSL
15,6,sorry,adjective,미안한,I am sorry for being late.,Are you sorry about what happened?,NGSL
15,6,ready,adjective,준비된,Are you ready to leave now?,The food is ready on the table.,NGSL
15,6,card,noun,카드,Can I pay with a card here?,He wrote a card to his friend.,NGSL
15,6,hospital,noun,병원,My father works at the hospital.,Is there a hospital near here?,NGSL
15,7,beautiful,adjective,아름다운,What a beautiful morning!,She has a beautiful voice.,NGSL
15,7,television,noun,텔레비전,We watched television all evening.,Do you have a television at home?,NGSL
15,7,pull,verb,당기다,Pull the door to open it.,Can you help me pull this?,NGSL
15,7,red,adjective,빨간,He drives a red car.,Is your new phone red?,NGSL
15,7,husband,noun,남편,Her husband works at a bank.,Have you met my husband?,NGSL
16,1,bus,noun,버스,I take the bus to school.,When does the next bus come?,NGSL
16,1,village,noun,마을,My parents live in a small village.,Is there a shop in the village?,NGSL
16,1,brother,noun,형제,My brother is older than me.,Do you have a brother?,NGSL
16,1,trip,noun,여행,We took a trip to the city.,How was your trip last week?,NGSL
16,1,sleep,verb,자다,The children sleep in this room.,Did you sleep well last night?,NGSL
16,2,fish,noun,물고기,We saw many fish in the water.,Do fish sleep at night?,NGSL
16,2,touch,verb,만지다,Please do not touch the paint.,Can I touch your new car?,NGSL
16,2,deep,adjective,깊은,The water here is very deep.,Do fish live in deep water?,NGSL
16,2,clean,adjective,깨끗한,Her house is always very clean.,Is this water clean enough to drink?,NGSL
16,2,star,noun,별,We saw many stars last night.,Can you see that star up there?,NGSL
16,3,seat,noun,자리,Please take a seat by the window.,Is this seat free?,NGSL
16,3,throw,verb,던지다,Throw the paper into the box!,She threw the old book away.,NGSL
16,3,blue,adjective,파란,She drives a small blue car.,Are your eyes blue or brown?,NGSL
16,3,box,noun,상자,Put the books in the box.,What is inside this box?,NGSL
16,3,cold,adjective,추운,It is very cold today.,Why is the room so cold?,NGSL
16,4,push,verb,밀다,Push the door to open it.,She pushed the car down the road.,NGSL
16,4,baby,noun,아기,The baby is sleeping now.,How old is your baby?,NGSL
16,4,sing,verb,노래하다,We sing together every morning.,Can you sing well?,NGSL
16,4,fly,verb,날다,The paper flew out the window.,Did you fly or drive here?,NGSL
16,4,hot,adjective,더운,It is too hot to walk today.,Was the summer very hot there?,NGSL
16,5,dog,noun,개,My dog loves to run outside.,Do you walk your dog every day?,NGSL
16,5,oil,noun,기름,The price of oil went up again.,Do you use oil in this food?,NGSL
16,5,dress,noun,원피스,She wore a red dress to the party.,Is this dress too long for me?,NGSL
16,5,fun,noun,재미,We had a lot of fun today.,Did you have fun at the party?,NGSL
16,5,hair,noun,머리카락,Her hair is long and black.,Did you cut your hair today?,NGSL
16,6,restaurant,noun,식당,We ate at a new restaurant last night.,Which restaurant do you like best?,NGSL
16,6,dark,adjective,어두운,The room was very dark.,Why is it so dark outside?,NGSL
16,6,daughter,noun,딸,My daughter goes to school now.,Do you have a daughter?,NGSL
16,6,newspaper,noun,신문,My father reads the newspaper every morning.,Is there a newspaper in the house?,NGSL
16,6,clock,noun,시계,The clock on the wall is old.,What time does the clock say?,NGSL
16,7,weekend,noun,주말,What did you do this weekend?,We go to the park every weekend.,NGSL
16,7,green,adjective,초록색의,She wore a green dress.,Is your car green or blue?,NGSL
16,7,song,noun,노래,She sang a beautiful song.,What song do you like most?,NGSL
16,7,ring,noun,반지,She wears a small ring.,Is this your ring?,NGSL
16,7,dead,adjective,죽은,The old tree is dead now.,Why is this plant dead?,NGSL
17,1,afternoon,noun,오후,Let's meet this afternoon.,What did you do in the afternoon?,NGSL
17,1,clothes,noun,옷,She put on clean clothes.,Where do you buy your clothes?,NGSL
17,1,dance,verb,춤추다,They dance every weekend.,Do you like to dance?,NGSL
17,1,sister,noun,여자 형제,My sister lives in the city.,Do you have a sister?,NGSL
17,1,rock,noun,바위,We sat on a big rock.,The rock was very hard.,NGSL
17,2,dollar,noun,달러,This book costs one dollar.,Do you have a dollar?,NGSL
17,2,garden,noun,정원,My mother works in the garden.,Is there a garden behind the house?,NGSL
17,2,sea,noun,바다,The house is near the sea.,Have you ever seen the sea?,NGSL
17,2,smile,verb,미소 짓다,She smiled at the baby.,Why are you smiling?,NGSL
17,2,wind,noun,바람,The wind is very strong today.,Can you feel the cold wind?,NGSL
17,3,blood,noun,피,The doctor took some blood from my arm.,Is there blood on your hand?,NGSL
17,3,warm,adjective,따뜻한,The room is warm and nice.,Do you want a warm drink?,NGSL
17,3,count,verb,세다,Please count the people in the room.,Did you count the money again?,NGSL
17,3,mix,verb,섞다,Mix the eggs and sugar well.,Can you mix these two colors?,NGSL
17,3,telephone,noun,전화기,The telephone is on the table.,Did you hear the telephone ring?,NGSL
17,4,glass,noun,유리,The door is made of glass.,Glass can break very easily.,NGSL
17,4,radio,noun,라디오,I listen to the radio every morning.,Can you turn the radio off?,NGSL
17,4,ride,verb,타다,I ride the bus to work.,Do you ride the train every day?,NGSL
17,4,heavy,adjective,무거운,This box is too heavy for me.,Is this book very heavy?,NGSL
17,4,chair,noun,의자,Please sit on this chair.,How many chairs do we need?,NGSL
17,5,video,noun,동영상,We watched a video about animals.,Did you see my new video?,NGSL
17,5,weather,noun,날씨,The weather is warm and nice today.,What was the weather like yesterday?,NGSL
17,5,farm,noun,농장,My father works on a small farm.,Have you ever lived on a farm?,NGSL
17,5,ship,noun,배,The big ship crossed the sea slowly.,Have you ever been on a ship?,NGSL
17,5,leg,noun,다리,My legs feel heavy after the long walk.,Did you break your leg last year?,NGSL
17,6,dinner,noun,저녁 식사,We had fish for dinner last night.,What time is dinner tonight?,NGSL
17,6,slow,adjective,느린,The train was very slow today.,Why is this computer so slow?,NGSL
17,6,dry,adjective,마른,My clothes are dry now.,Is the ground dry yet?,NGSL
17,6,horse,noun,말,The horse runs very fast.,Can you ride a horse?,NGSL
17,6,taxi,noun,택시,Let's take a taxi home.,How much does a taxi cost?,NGSL
17,7,feed,verb,먹이를 주다,I feed my dog every morning.,Did you feed the baby?,NGSL
17,7,cool,adjective,시원한,The water feels cool and nice.,Is it cool outside now?,NGSL
17,7,wave,noun,파도,The waves were big today.,Did you see that huge wave?,NGSL
17,7,south,noun,남쪽,The sea is to the south.,Which way is south?,NGSL
17,7,library,noun,도서관,I study at the library.,Is the library open today?,NGSL
18,1,lift,verb,들어 올리다,Can you lift this heavy box?,He lifted the box with one hand.,NGSL
18,1,email,noun,이메일,I sent you an email today.,Did you read my email?,NGSL
18,1,river,noun,강,We walked along the river.,Is the river deep here?,NGSL
18,1,quick,adjective,빠른,Give me a quick answer.,That was a quick meeting!,NGSL
18,1,cook,verb,요리하다,My father cooks dinner every night.,Can you cook fish?,NGSL
18,2,driver,noun,운전자,The driver stopped the bus.,Who was the driver of the car?,NGSL
18,2,ball,noun,공,The dog ran after the ball.,Can you throw the ball to me?,NGSL
18,2,cry,verb,울다,The baby cried all night.,Why are you crying?,NGSL
18,2,north,noun,북쪽,The wind comes from the north.,Is your house in the north?,NGSL
18,2,photo,noun,사진,I took a photo of the sea.,Can you send me the photo?,NGSL
18,3,map,noun,지도,Do you have a map of the city?,The map shows every road here.,NGSL
18,3,island,noun,섬,We spent a week on the island.,Is the island far from here?,NGSL
18,3,football,noun,축구,The boys play football after school.,Do you watch football on television?,NGSL
18,3,left,adjective,왼쪽의,He writes with his left hand.,Is the shop on the left side?,NGSL
18,3,tool,noun,도구,He keeps his tools in the garden.,Which tool do you need for this?,NGSL
18,4,smoke,noun,연기,Smoke came out of the window.,Can you see the smoke over there?,NGSL
18,4,rain,noun,비,The rain stopped in the afternoon.,Do you like walking in the rain?,NGSL
18,4,busy,adjective,바쁜,I am too busy to talk now.,Was the shop busy this morning?,NGSL
18,4,funny,adjective,웃긴,He told us a funny story.,Why is that film so funny?,NGSL
18,4,mountain,noun,산,We walked up the mountain today.,Is that mountain very high?,NGSL
18,5,hide,verb,숨기다,She hid the letter under the bed.,Where did you hide my keys?,NGSL
18,5,ticket,noun,표,I bought two tickets for the game.,Do you have your train ticket?,NGSL
18,5,meal,noun,식사,We had a nice meal together.,What was your favorite meal today?,NGSL
18,5,bag,noun,가방,Put the books in your bag.,Whose bag is this?,NGSL
18,5,plane,noun,비행기,Our plane leaves at six.,Have you ever flown on a plane?,NGSL
18,6,bird,noun,새,A small bird sat on the tree.,Can you hear the birds singing?,NGSL
18,6,burn,verb,불에 타다,Be careful not to burn the food.,The paper burned quickly in the fire.,NGSL
18,6,beach,noun,해변,We spent the whole day at the beach.,Is the beach far from the hotel?,NGSL
18,6,flower,noun,꽃,She put the flowers in some water.,What is your favorite flower?,NGSL
18,6,boat,noun,배,We took a boat across the river.,Can you see the boat on the water?,NGSL
18,7,kitchen,noun,부엌,My mother is cooking in the kitchen.,Is the kitchen big enough for us?,NGSL
18,7,quiet,adjective,조용한,The house is very quiet at night.,Can you please be quiet?,NGSL
18,7,nurse,noun,간호사,The nurse checked my arm.,My sister wants to be a nurse.,NGSL
18,7,jump,verb,뛰어오르다,The dog jumped over the wall.,Can you jump that high?,NGSL
18,7,winter,noun,겨울,Winter is coming soon.,Do you like winter sports?,NGSL
19,1,spring,noun,봄,Flowers open in the spring.,Are you traveling this spring?,NGSL
19,1,lunch,noun,점심,We had lunch at a small restaurant.,What did you eat for lunch?,NGSL
19,1,pool,noun,수영장,The kids played in the pool all day.,Does the hotel have a pool?,NGSL
19,1,sun,noun,태양,The sun is very hot today.,Does the sun rise early in summer?,NGSL
19,1,wash,verb,씻다,Wash your hands before you eat.,Did you wash the car yesterday?,NGSL
19,2,stone,noun,돌,The old house is made of stone.,Did you throw a stone into the water?,NGSL
19,2,soldier,noun,군인,My brother is a soldier.,Do soldiers train every day?,NGSL
19,2,egg,noun,달걀,I eat an egg every morning.,How many eggs do we need?,NGSL
19,2,wine,noun,와인,Wine is made from fruit.,The wine bottles are on the top shelf.,NGSL
19,2,camera,noun,카메라,My new camera takes great pictures.,Where did you buy that camera?,NGSL
19,3,swim,verb,수영하다,I swim every morning before work.,Can your daughter swim yet?,NGSL
19,3,coffee,noun,커피,I drink coffee every morning.,Would you like some coffee?,NGSL
19,3,taste,noun,맛,I love the taste of fresh coffee.,Does this drink have a strange taste?,NGSL
19,3,tonight,adverb,오늘 밤,Are you free tonight?,We will eat out tonight.,NGSL
19,3,gift,noun,선물,This gift is for you.,Did you buy a gift for her?,NGSL
19,4,bedroom,noun,침실,The house has three bedrooms.,Where is your bedroom?,NGSL
19,4,climb,verb,오르다,We climbed the mountain last summer.,Can you climb that tree?,NGSL
19,4,mouth,noun,입,"Open your mouth, please.",The baby put it in her mouth.,NGSL
19,4,gun,noun,총,The old gun is in the museum.,Is the gun in the film real?,NGSL
19,4,gold,noun,금,She wore a ring made of gold.,Is this watch real gold?,NGSL
19,5,skin,noun,피부,Her skin looks healthy and fresh.,Does the sun hurt your skin?,NGSL
19,5,wood,noun,목재,This table is made of wood.,Do you need more wood for the fire?,NGSL
19,5,tear,noun,눈물,A tear ran down her face.,Why are there tears in your eyes?,NGSL
19,5,shake,verb,흔들다,Shake the box before you open it.,Did the ground shake last night?,NGSL
19,5,shoe,noun,신발,I need new shoes for school.,Where did you buy those shoes?,NGSL
19,6,cup,noun,컵,I drink a cup of coffee.,Can you wash the cups?,NGSL
19,6,finger,noun,손가락,She cut her finger in the kitchen.,Which finger is hurt?,NGSL
19,6,wake,verb,잠에서 깨다,I wake up at six every day.,Did the noise wake you?,NGSL
19,6,bright,adjective,밝은,The room is very bright.,What a bright morning!,NGSL
19,6,slowly,adverb,천천히,Please speak slowly.,The old man walked slowly home.,NGSL
19,7,hole,noun,구멍,There is a hole in my shoe.,Who made this hole?,NGSL
19,7,tie,verb,묶다,Tie your shoes before you run.,Can you tie the bag?,NGSL
19,7,forest,noun,숲,We walked through the forest all morning.,Many animals live in this forest.,NGSL
19,7,root,noun,뿌리,The tree has very deep roots.,Can you see the roots of the plant?,NGSL
19,7,bridge,noun,다리,We walked across the old bridge.,Is the bridge open to cars?,NGSL
20,1,ice,noun,얼음,Can I have some ice in my water?,The ice on the road was dangerous.,NGSL
20,1,farmer,noun,농부,The farmer feeds his animals every morning.,Do farmers work on weekends too?,NGSL
20,1,desk,noun,책상,Put the book on my desk.,Is there a desk in your room?,NGSL
20,1,empty,adjective,텅 빈,The box was empty this morning.,Why is the room so empty?,NGSL
20,1,tea,noun,차,Would you like some tea?,She drinks tea every morning.,NGSL
20,2,soft,adjective,부드러운,This bed is very soft.,Do you like soft music?,NGSL
20,2,lock,verb,잠그다,Did you lock the front door?,She always locks her car.,NGSL
20,2,shoulder,noun,어깨,My shoulder hurts after the game.,He carried the bag on his shoulder.,NGSL
20,2,bottle,noun,병,Please bring a bottle of water.,How many bottles did you buy?,NGSL
20,2,dad,noun,아빠,My dad cooks dinner every weekend.,Where is your dad now?,NGSL
20,3,fruit,noun,과일,I eat fresh fruit every morning.,Which fruit do you like best?,NGSL
20,3,mail,noun,우편물,Did you check the mail today?,The mail arrived late this morning.,NGSL
20,3,fat,adjective,뚱뚱한,The cat is getting fat.,Is this dog too fat?,NGSL
20,3,ear,noun,귀,He put the phone to his ear.,Can you hear with both ears?,NGSL
20,3,shout,verb,소리치다,Don't shout in the library.,Why did he shout at me?,NGSL
20,4,hill,noun,언덕,We walked up the hill together.,Is there a house on that hill?,NGSL
20,4,cat,noun,고양이,Our cat sleeps all afternoon.,Do you have a cat at home?,NGSL
20,4,kiss,verb,키스하다,The mother kissed her sleeping baby.,Do you kiss your kids every morning?,NGSL
20,4,thin,adjective,얇은,The ice is too thin to walk on.,She cut the paper into thin pieces.,NGSL
20,4,plate,noun,접시,Put the food on a clean plate.,Can you wash these plates for me?,NGSL
20,5,sad,adjective,슬픈,She felt sad after the movie ended.,Why do you look so sad today?,NGSL
20,5,circle,noun,동그라미,The children sat in a circle.,Draw a circle on the paper.,NGSL
20,5,sick,adjective,아픈,I stayed home because I was sick.,Is your brother still sick?,NGSL
20,5,sky,noun,하늘,The sky is clear and blue today.,Look at the stars in the sky!,NGSL
20,5,kick,verb,발로 차다,He kicked the ball into the garden.,"Don't kick the door, please!",NGSL
20,6,hat,noun,모자,He wore a red hat today.,Where did you buy that hat?,NGSL
20,6,medicine,noun,약,Take this medicine after dinner.,Is the medicine working yet?,NGSL
20,6,shut,verb,닫다,Please shut the door when you leave.,Did you shut the window last night?,NGSL
20,6,sweet,adjective,달콤한,This coffee is too sweet for me.,Do you like sweet drinks?,NGSL
20,6,tall,adjective,키가 큰,My brother is very tall.,How tall is that building?,NGSL
20,7,milk,noun,우유,I drink a glass of milk every morning.,Do you want milk in your coffee?,NGSL
20,7,smell,verb,냄새가 나다,The flowers smell so sweet.,Does this milk smell bad to you?,NGSL
20,7,pilot,noun,비행기 조종사,The pilot spoke to us before the flight.,Does she want to be a pilot?,NGSL
20,7,angry,adjective,화난,Why are you so angry today?,He got angry about the noise.,NGSL
20,7,seed,noun,씨앗,We planted seeds in the garden.,How long does a seed take to grow?,NGSL
21,1,breakfast,noun,아침 식사,What did you eat for breakfast?,We have breakfast at seven every day.,NGSL
21,1,lake,noun,호수,We swam in the lake last summer.,Is the lake deep in the middle?,NGSL
21,1,hi,interjection,안녕,"Hi, how are you today?",She said hi and smiled at me.,NGSL
21,1,yellow,adjective,노란,She wore a yellow dress to the party.,Are the flowers yellow or white?,NGSL
21,1,bone,noun,뼈,The dog is eating a big bone.,Did she break a bone in her arm?,NGSL
21,2,gray,adjective,회색의,The sky was gray all morning.,Do you like this gray coat?,NGSL
21,2,coat,noun,외투,"Put on your coat, it's cold outside.",Where did you buy that warm coat?,NGSL
21,2,pocket,noun,주머니,He put the key in his pocket.,What is in your coat pocket?,NGSL
21,2,meat,noun,고기,We don't eat much meat at home.,Do you prefer meat or fish?,NGSL
21,2,king,noun,왕,The king lived in a big castle.,Who was the king at that time?,NGSL
21,3,dish,noun,요리,This fish dish is very popular here.,What is your favorite dish?,NGSL
21,3,slide,verb,미끄러지다,The kids slide down the hill.,Did the car slide on the ice?,NGSL
21,3,shirt,noun,셔츠,He wore a white shirt to work.,Is this shirt too big for me?,NGSL
21,3,brown,adjective,갈색의,She has long brown hair.,Do you like this brown coat?,NGSL
21,3,tennis,noun,테니스,We play tennis every weekend.,Do you want to watch the tennis match?,NGSL
21,4,mouse,noun,쥐,A small mouse ran under the table.,Did you see a mouse in the kitchen?,NGSL
21,4,snow,noun,눈,The snow covered the whole garden.,Do you like playing in the snow?,NGSL
21,4,neck,noun,목,My neck hurts after a long drive.,She wore a chain around her neck.,NGSL
21,4,bike,noun,자전거,I ride my bike to school.,Is this new bike yours?,NGSL
21,4,wheel,noun,바퀴,The car has four wheels.,My bike wheel needs some air.,NGSL
21,5,toy,noun,장난감,The baby played with a new toy.,Which toy does your son like most?,NGSL
21,5,storm,noun,폭풍,A big storm hit the town last night.,Are you afraid of storms?,NGSL
21,5,thick,adjective,두꺼운,This book is very thick.,She wore a thick coat in winter.,NGSL
21,5,wing,noun,날개,The bird broke its wing.,How many wings does a plane have?,NGSL
21,5,roof,noun,지붕,Rain came through the old roof.,Is there a garden on the roof?,NGSL
21,6,smart,adjective,똑똑한,She is a very smart student.,Was that a smart decision?,NGSL
21,6,tooth,noun,치아,My tooth hurts when I eat ice.,The child lost her first tooth.,NGSL
21,6,silver,noun,은,The ring is made of silver.,Silver costs less than gold.,NGSL
21,6,gate,noun,대문,The garden gate was open all night.,Did you lock the front gate?,NGSL
21,6,beer,noun,맥주,Beer is made from grain and water.,This beer comes in a green bottle.,NGSL
21,7,wet,adjective,젖은,My hair is still wet from the rain.,Why are your shoes wet?,NGSL
21,7,cloud,noun,구름,There is not a cloud in the sky.,Look at that big dark cloud!,NGSL
21,7,truck,noun,트럭,A big truck blocked the road.,Who drives that red truck?,NGSL
21,7,nose,noun,코,My nose is cold in the winter.,Why is your nose red?,NGSL
21,7,mom,noun,엄마,My mom cooks dinner every evening.,Where is your mom right now?,NGSL
22,1,pour,verb,붓다,Please pour some water into the cup.,She poured coffee for everyone.,NGSL
22,1,apartment,noun,아파트,They live in a small apartment near school.,How many rooms does your apartment have?,NGSL
22,1,cake,noun,케이크,She made a big cake for the party.,Would you like another piece of cake?,NGSL
22,1,singer,noun,가수,She is a famous singer in my country.,Who is your favorite singer?,NGSL
22,1,grass,noun,풀,The kids sat on the grass.,The grass is wet after rain.,NGSL
22,2,mirror,noun,거울,She looked at herself in the mirror.,Is there a mirror in this room?,NGSL
22,2,vegetable,noun,채소,Eat more vegetables every day.,Which vegetable do you like best?,NGSL
22,2,knee,noun,무릎,He hurt his knee playing football.,Does your knee still hurt?,NGSL
22,2,sugar,noun,설탕,Do you take sugar in your coffee?,Too much sugar is bad for you.,NGSL
22,2,pink,adjective,분홍색의,She wore a pink dress to the party.,Are these flowers pink or red?,NGSL
22,3,loud,adjective,소리가 큰,The music was too loud last night.,Why is your voice so loud?,NGSL
22,3,jacket,noun,재킷,Bring a jacket because it is cold.,Whose blue jacket is this?,NGSL
22,3,dirty,adjective,더러운,My shoes got dirty in the rain.,Why are your hands so dirty?,NGSL
22,3,bread,noun,빵,She bakes fresh bread every morning.,Would you like some bread with your soup?,NGSL
22,3,boot,noun,부츠,I bought new boots for winter.,Are these boots warm enough for snow?,NGSL
22,4,button,noun,버튼,Press the red button to start.,Which button turns the light on?,NGSL
22,4,bowl,noun,그릇,She ate a bowl of hot soup.,Put the fruit in the big bowl.,NGSL
22,4,bath,noun,목욕,I take a bath every night.,Did the baby enjoy her bath?,NGSL
22,4,lip,noun,입술,Her lips were dry from the cold.,He bit his lip and said nothing.,NGSL
22,4,pen,noun,펜,Can I borrow your pen?,She wrote the note with a red pen.,NGSL
22,5,spin,verb,빙빙 돌다,The wheel spins very fast.,Can you spin the ball on your finger?,NGSL
22,5,dig,verb,땅을 파다,The dog digs holes in the garden.,Let's dig a hole for the tree.,NGSL
22,5,chicken,noun,닭고기,We had chicken for dinner last night.,Do you want chicken or fish?,NGSL
22,5,shower,noun,샤워,I take a shower every morning.,Did you have a shower yet?,NGSL
22,5,cigarette,noun,담배,Cigarette smoke is bad for your lungs.,The doctor told us to avoid cigarettes.,NGSL
22,6,cousin,noun,사촌,My cousin lives in a small town.,How many cousins do you have?,NGSL
22,6,sand,noun,모래,The children played in the sand.,Is the sand hot today?,NGSL
22,6,cap,noun,모자,He wore a red cap to the game.,Where did you buy that cap?,NGSL
22,6,cream,noun,크림,I like coffee with cream.,Do you want cream on your cake?,NGSL
22,6,skirt,noun,치마,She wore a long blue skirt.,Is this skirt too short for work?,NGSL
22,7,salt,noun,소금,Please pass the salt.,Does this soup need more salt?,NGSL
22,7,brush,verb,솔질하다,Brush your teeth before you go to bed.,She brushed the dust off her coat.,NGSL
22,7,golf,noun,골프,My father plays golf every weekend.,Do you want to learn golf?,NGSL
22,7,orange,noun,오렌지,I ate an orange for breakfast.,Would you like an orange after lunch?,NGSL
22,7,pig,noun,돼지,The pig is eating in the yard.,Do you have pigs on your farm?,NGSL
23,1,tail,noun,꼬리,The dog wagged its tail happily.,Does your cat have a long tail?,NGSL
23,1,wooden,adjective,나무로 만든,We sat at a big wooden table.,Is that old wooden door still safe?,NGSL
23,1,pot,noun,냄비,Put the water in a large pot.,Is there soup left in the pot?,NGSL
23,1,cow,noun,소,The farmer has ten cows on his farm.,A cow was eating grass by the road.,NGSL
23,1,fold,verb,접다,Please fold the clothes and put them away.,Can you fold this paper in half?,NGSL
23,2,cheese,noun,치즈,I love cheese on my bread.,Would you like some cheese?,NGSL
23,2,guitar,noun,기타,She plays the guitar every evening.,Can you teach me the guitar?,NGSL
23,2,flag,noun,깃발,The flag flew above the school.,What color is your country's flag?,NGSL
23,2,piano,noun,피아노,He practices the piano every day.,Do you have a piano at home?,NGSL
23,2,ski,verb,스키를 타다,We ski every winter in the mountains.,Can you ski?,NGSL
23,3,menu,noun,메뉴,"Can I see the menu, please?",The menu changes every season.,NGSL
23,3,moon,noun,달,The moon was bright last night.,Have people walked on the moon?,NGSL
23,3,grandmother,noun,할머니,My grandmother lives near the sea.,Do you visit your grandmother often?,NGSL
23,3,coin,noun,동전,I found a coin on the floor.,Do you have any coins for the bus?,NGSL
23,3,chocolate,noun,초콜릿,She loves dark chocolate.,Would you like some hot chocolate?,NGSL
23,4,belt,noun,벨트,He wore a brown belt today.,Is your seat belt on?,NGSL
23,4,potato,noun,감자,We grow potatoes in our garden.,Would you like some potatoes with dinner?,NGSL
23,4,tissue,noun,휴지,Can you pass me a tissue?,She wiped her nose with a tissue.,NGSL
23,4,stair,noun,계단,The stairs lead to the second floor.,She ran up the stairs quickly.,NGSL
23,4,shine,verb,빛나다,The sun is shining today.,Does the moon shine tonight?,NGSL
23,5,stomach,noun,배,My stomach hurts after lunch.,Does your stomach feel better now?,NGSL
23,5,golden,adjective,금빛의,She wore a golden ring.,The fields looked golden in the evening sun.,NGSL
23,5,knife,noun,칼,Be careful with that sharp knife.,Which knife should I use for bread?,NGSL
23,5,bite,verb,물다,The dog might bite you.,Did something bite your arm last night?,NGSL
23,5,printer,noun,프린터,The printer is out of paper again.,Can you fix the printer?,NGSL
23,6,ocean,noun,바다,We swam in the ocean all afternoon.,Have you ever seen the ocean?,NGSL
23,6,castle,noun,성,The old castle stands on a hill.,Have you visited the castle yet?,NGSL
23,6,carpet,noun,카펫,The cat sleeps on the carpet.,Did you clean the carpet today?,NGSL
23,6,bell,noun,종,The school bell rang at nine.,Did you hear the bell ring?,NGSL
23,6,uncle,noun,삼촌,My uncle lives near the sea.,Is your uncle coming to dinner?,NGSL
23,7,rice,noun,쌀,We eat rice with every meal.,How much rice should I cook?,NGSL
23,7,sheep,noun,양,The farmer has two hundred sheep.,Do sheep sleep at night?,NGSL
23,7,rat,noun,쥐,A rat ran across the kitchen floor.,Did you see a rat in the garden?,NGSL
23,7,tent,noun,텐트,We put up a tent near the lake.,Did you sleep in a tent last night?,NGSL
23,7,slice,noun,얇은 조각,Would you like a slice of cake?,He ate two slices of bread.,NGSL
24,1,tongue,noun,혀,I burned my tongue on hot coffee.,The dog's tongue was hanging out.,NGSL
24,1,wipe,verb,닦다,Please wipe the table after dinner.,He wiped his hands on his shirt.,NGSL
24,1,cough,verb,기침하다,He coughed all night long.,Cover your mouth when you cough.,NGSL
24,1,curtain,noun,커튼,Please close the curtains at night.,The curtains in my room are blue.,NGSL
24,1,aunt,noun,이모,My aunt lives near the sea.,Did your aunt come to the party?,NGSL
24,2,ugly,adjective,못생긴,That old building is really ugly.,Why is this jacket so ugly?,NGSL
24,2,autumn,noun,가을,The leaves turn red in autumn.,Do you like autumn or spring more?,NGSL
24,2,rose,noun,장미,He gave her a red rose.,Roses grow well in this garden.,NGSL
24,2,hello,interjection,안녕하세요,"Hello, how are you today?",She said hello to everyone at the party.,NGSL
24,2,robot,noun,로봇,The robot cleans the floor every day.,Can a robot cook dinner for us?,NAWL
24,3,leaf,noun,나뭇잎,A leaf fell from the tree.,Why do leaves turn red in autumn?,NAWL
24,3,classroom,noun,교실,The classroom was full of students.,Is the classroom on the second floor?,NAWL
24,3,insect,noun,곤충,Most insects have six legs.,What kind of insect is that?,NAWL
24,3,arrow,noun,화살표,Follow the arrow on the sign.,The arrow in the diagram points left.,NAWL
24,3,monkey,noun,원숭이,The monkey climbed the tall tree.,Have you ever seen a monkey?,NAWL
24,4,dictionary,noun,사전,I looked up the word in a dictionary.,Do you have a good dictionary?,NAWL
24,4,nest,noun,둥지,The bird built a nest in the tree.,Are there eggs in the nest?,NAWL
24,4,triangle,noun,삼각형,Draw a triangle on the paper.,A triangle has three sides.,NAWL
24,4,textbook,noun,교과서,Open your textbook to page ten.,Which textbook do you use for math?,NAWL
24,4,puzzle,noun,퍼즐,She finished the puzzle in one hour.,Do you like doing puzzles?,NAWL
24,5,exit,noun,출구,The exit is at the back.,Where is the nearest exit?,NAWL
24,5,diary,noun,일기,She writes in her diary every night.,Do you keep a diary?,NAWL
24,5,bat,noun,박쥐,A bat flew across the night sky.,Do bats sleep during the day?,NAWL
24,5,bubble,noun,거품,The child blew a big bubble.,Bubbles rose in the hot water.,NAWL
24,5,goat,noun,염소,The goat ate all the flowers.,Do goats give milk like cows?,NAWL
24,6,apple,noun,사과,She eats an apple every morning.,These apples taste very sweet.,NAWL
24,6,claim,verb,주장하다,He claims he knows the answer.,Why do they claim it was easy?,NGSL
24,6,relationship,noun,관계,They have a good relationship.,How is your relationship with your parents?,NGSL
24,6,travel,verb,여행하다,I want to travel around the world.,Do you often travel for work?,NGSL
24,6,enjoy,verb,즐기다,We enjoyed the music last night.,Did you enjoy the film?,NGSL
24,7,death,noun,죽음,Nothing is more certain than death.,The book is about life and death.,NGSL
24,7,amount,noun,양,A small amount of water is enough.,He paid a large amount of money.,NGSL
24,7,improve,verb,나아지다,My work is improving every day.,Did his health improve this year?,NGSL
24,7,regard,verb,~로 여기다,I regard him as a good friend.,Do you regard this as a problem?,NGSL
24,7,organization,noun,단체,She works for a large organization.,Which organization helps old people here?,NGSL
25,1,couple,noun,두어 개,I need a couple of days to think.,Can you wait a couple of minutes?,NGSL
25,1,act,verb,행동하다,We must act before it is too late.,Why did he act like that?,NGSL
25,1,range,noun,범위,They sell a wide range of foods.,What is the price range for this?,NGSL
25,1,quality,noun,품질,The quality of this water is good.,Is the quality of the food good?,NGSL
25,1,project,noun,프로젝트,Our team started a new project today.,How long will the project take?,NGSL
25,2,opportunity,noun,좋은 기회,This job is a great opportunity.,Did you get an opportunity to speak?,NGSL
25,2,accord,preposition,~에 따르면,"According to the report, prices will rise.","Is that true, according to the teacher?",NGSL
25,2,list,noun,목록,Please write a list of the food.,Is my name on the list?,NGSL
25,2,wish,verb,바라다,I wish I could see her today.,Do you wish you had more money?,NGSL
25,2,therefore,adverb,그러므로,"It was late; therefore, we went home.",She was ill and therefore stayed home.,NGSL
25,3,fund,noun,기금,The school has a fund for books.,Who will pay money into the fund?,NGSL
25,3,rest,noun,나머지,You can eat the rest of the food.,Where did the rest of them go?,NGSL
25,3,industry,noun,산업,The car industry is very large here.,Which industry do you work in?,NGSL
25,3,education,noun,교육,Education is important for every child.,Do you think education should be free?,NGSL
25,3,measure,verb,재다,Please measure the table before you buy it.,Did you measure the room?,NGSL
25,4,kill,verb,죽이다,The cold killed all the young plants.,Did the hot sun kill the flowers?,NGSL
25,4,serve,verb,대접하다,They serve good food at this shop.,Can you serve the food now?,NGSL
25,4,likely,adjective,가능성이 높은,It is likely to be cold today.,Is she likely to call back?,NGSL
25,4,certainly,adverb,확실히,She will certainly help you today.,"Certainly, you can use my car.",NGSL
25,4,national,adjective,국가의,It is a national problem now.,Do you watch the national news?,NGSL
25,5,security,noun,보안,The school has good security at night.,Who is in charge of security here?,NGSL
25,5,benefit,noun,혜택,Walking has many benefits for your health.,What is the benefit of this plan?,NGSL
25,5,trade,noun,무역,Trade between the two countries is growing.,Is your company involved in trade?,NGSL
25,5,risk,noun,위험,There is a risk of losing money.,Do you want to take the risk?,NGSL
25,5,news,noun,소식,I have some good news for you.,Did you watch the news last night?,NGSL
25,6,standard,noun,기준,The school has very high standards.,What is the standard for this test?,NGSL
25,6,vote,verb,투표하다,Let's vote on where to eat.,Did everyone vote for the new plan?,NGSL
25,6,percent,noun,퍼센트,Ten percent of the students were late.,What percent of people own a car?,NGSL
25,6,focus,verb,집중하다,Please focus on your work now.,Can you focus with the music on?,NGSL
25,6,stage,noun,단계,We are at the first stage now.,What stage is the project at?,NGSL
25,7,space,noun,공간,There is no space for another table.,Do you have space in your car?,NGSL
25,7,instead,adverb,대신에,I stayed home instead.,Can we walk there instead?,NGSL
25,7,realize,verb,깨닫다,I realized I left my phone at home.,Did you realize how late it was?,NGSL
25,7,usually,adverb,보통,I usually walk to work.,What time do you usually get up?,NGSL
25,7,data,noun,자료,The data shows that sales are growing.,Where did you get this data?,NGSL
26,1,single,adjective,단 하나의,There was a single light in the room.,Not a single person came late.,NGSL
26,1,address,noun,주소,What is your home address?,Please write your address on the paper.,NGSL
26,1,performance,noun,성과,The team's performance was great this year.,How was your performance at work today?,NGSL
26,1,chance,noun,기회,This is your chance to learn.,"Give me one more chance, please.",NGSL
26,1,accept,verb,받아들이다,She accepted the job offer today.,Will you accept my help?,NGSL
26,2,society,noun,사회,Every person is part of society.,How does technology change our society?,NGSL
26,2,technology,noun,과학 기술,New technology changes the way we work.,Does technology make life easier?,NGSL
26,2,mention,verb,언급하다,She mentioned your name at the meeting.,Did he mention the price?,NGSL
26,2,choice,noun,선택,It was a hard choice for me.,Which choice is better for you?,NGSL
26,2,save,verb,저축하다,I save money every month.,How much did you save last year?,NGSL
26,3,common,adjective,흔한,This is a common name for boys.,Is it common to eat late here?,NGSL
26,3,culture,noun,문화,Every country has its own culture.,Do you like the culture of this city?,NGSL
26,3,total,adjective,총,The total cost was very high.,What is the total number of students?,NGSL
26,3,demand,noun,수요,There is a high demand for water.,Is the demand for cars still growing?,NGSL
26,3,material,noun,재료,This material is very strong.,What material did you use for the table?,NGSL
26,4,limit,noun,한계,Everyone has a limit.,Is there a time limit for the test?,NGSL
26,4,due,adjective,예정된,The report is due next week.,When is the paper due?,NGSL
26,4,wrong,adjective,틀린,Your answer is wrong.,Did I take the wrong road?,NGSL
26,4,effort,noun,노력,She made a great effort to win.,Did you put much effort into this?,NGSL
26,4,attention,noun,주의,Please pay attention to the teacher.,Did the news get your attention?,NGSL
26,5,check,verb,확인하다,Please check your answer again.,Did you check the time?,NGSL
26,5,complete,adjective,완전한,This is a complete list of names.,Is your report complete now?,NGSL
26,5,lie,verb,눕다,I like to lie on the ground.,Do you lie down after work?,NGSL
26,5,pick,verb,고르다,Pick a color you like.,Which book did you pick?,NGSL
26,5,reduce,verb,줄이다,We need to reduce the cost.,How can I reduce my work hours?,NGSL
26,6,personal,adjective,개인적인,This is a personal question.,Do you have a personal computer?,NGSL
26,6,arrive,verb,도착하다,The train will arrive soon.,When did you arrive here?,NGSL
26,6,patient,noun,환자,The patient needs more water.,How many patients did you see today?,NGSL
26,6,current,adjective,현재의,What is your current address?,The current price is too high.,NGSL
26,6,century,noun,세기,This house is a century old.,Which century did they live in?,NGSL
26,7,evidence,noun,증거,Is there any evidence for this?,The evidence shows he was right.,NGSL
26,7,exist,verb,존재하다,Do animals like this still exist?,This problem did not exist before.,NGSL
26,7,similar,adjective,비슷한,Our cars are very similar.,Is this job similar to your last one?,NGSL
26,7,leader,noun,지도자,She is the leader of our team.,Who is the leader of this group?,NGSL
26,7,fine,adjective,괜찮은,Everything is fine at home.,Are you fine with this plan?,NGSL
27,1,former,adjective,예전의,I met my former teacher today.,Is he a former member of the team?,NGSL
27,1,contact,noun,연락,Are you still in contact with him?,Please keep in contact with old friends.,NGSL
27,1,particularly,adverb,특히,I particularly like this kind of music.,Was the test particularly hard for you?,NGSL
27,1,prepare,verb,준비하다,We prepare food for the party.,Did you prepare for the test?,NGSL
27,1,discuss,verb,의논하다,Let's discuss the plan today.,They discussed the problem for an hour.,NGSL
27,2,response,noun,응답,I got no response to my letter.,Her response was short and kind.,NGSL
27,2,voice,noun,목소리,She has a very nice voice.,Can you hear my voice now?,NGSL
27,2,piece,noun,조각,Give me a piece of paper.,She cut the paper into pieces.,NGSL
27,2,finish,verb,끝내다,I will finish my work today.,When does the game finish?,NGSL
27,2,suppose,verb,추측하다,I suppose he is right.,Do you suppose they will come?,NGSL
27,3,apply,verb,지원하다,I want to apply for that job.,Did she apply to the school?,NGSL
27,3,president,noun,대통령,Who is the president of that country?,The president visited our school today.,NGSL
27,3,compare,verb,비교하다,Let's compare the two prices.,Don't compare yourself with others.,NGSL
27,3,court,noun,법원,The case will go to court soon.,The court made its decision today.,NGSL
27,3,poor,adjective,가난한,They were poor but very happy.,Many poor people need our help.,NGSL
27,4,knowledge,noun,지식,She has great knowledge of music.,Knowledge comes from reading many books.,NGSL
27,4,source,noun,출처,What is the source of this news?,The book is a good source of information.,NGSL
27,4,employee,noun,직원,The company has many employees.,Every employee gets a day off.,NGSL
27,4,manage,verb,관리하다,She manages a small store in town.,Who manages the money here?,NGSL
27,4,simply,adverb,단순히,I simply want to go home.,The answer is simply no.,NGSL
27,5,firm,noun,기업,He works for a law firm.,The firm has offices in many cities.,NGSL
27,5,cell,noun,세포,The body is made of many cells.,Every cell needs water to live.,NGSL
27,5,article,noun,기사,I read an article about health.,Did you write this article?,NGSL
27,5,attack,noun,공격,Our team has a fast attack.,The players began an attack near the goal.,NGSL
27,5,foreign,adjective,외국의,She speaks two foreign languages.,Do you like foreign films?,NGSL
27,6,surprise,noun,뜻밖의 일,What a nice surprise to see you!,The party was a big surprise.,NGSL
27,6,feature,noun,특징,This phone has a new feature.,What is its main feature?,NGSL
27,6,factor,noun,요인,Price is an important factor for me.,What factors led to this result?,NGSL
27,6,pretty,adverb,꽤,The test was pretty easy.,I feel pretty good today.,NGSL
27,6,recently,adverb,최근에,I recently moved to a new city.,Have you seen her recently?,NGSL
27,7,affect,verb,영향을 주다,Bad news can affect how we feel.,Does the price affect your choice?,NGSL
27,7,recent,adjective,최근의,Did you read the recent news?,His recent work is very good.,NGSL
27,7,relate,verb,관련되다,How does this relate to the problem?,The two events are related.,NGSL
27,7,official,adjective,공식적인,This is the official list of names.,Is that an official report?,NGSL
27,7,financial,adjective,재정적인,The company has financial problems.,She works in a financial firm.,NGSL
28,1,miss,verb,놓치다,Did you miss the last train?,I missed the start of the film.,NGSL
28,1,art,noun,예술,She loves art and music.,Do you study art at school?,NGSL
28,1,campaign,noun,캠페인,The campaign starts next week.,Who is leading the health campaign?,NGSL
28,1,private,adjective,사적인,Her letters are private.,Is this a private party?,NGSL
28,1,pause,verb,잠시 멈추다,Let's pause the game for a minute.,She paused before she answered.,NGSL
28,2,everyone,pronoun,모두,Everyone in the room was happy.,Did everyone get a book?,NGSL
28,2,forget,verb,잊다,Don't forget to call your mother.,I always forget her name.,NGSL
28,2,worry,verb,걱정하다,Don't worry about the test.,Parents worry about their children a lot.,NGSL
28,2,opinion,noun,의견,What is your opinion of the plan?,Everyone has a different opinion.,NGSL
28,2,represent,verb,대표하다,She will represent our school next week.,Who represents your team today?,NGSL
28,3,manager,noun,관리자,Our manager is a very kind woman.,Can I speak to the manager?,NGSL
28,3,international,adjective,국제적인,She works for an international company.,Is this an international phone call?,NGSL
28,3,contain,verb,담고 있다,This book contains many pictures.,Does the report contain the new data?,NGSL
28,3,notice,verb,알아차리다,Did you notice his new car?,I noticed a small change in the room.,NGSL
28,3,wonder,verb,궁금해하다,I wonder where she went.,Do you ever wonder about the future?,NGSL
28,4,nature,noun,자연,We love walking in nature.,Children learn a lot from nature.,NGSL
28,4,structure,noun,구조,This report has a clear structure.,Can you explain the structure of the plan?,NGSL
28,4,section,noun,부분,Read the first section of the book.,Which section of the store sells food?,NGSL
28,4,exactly,adverb,정확히,That is exactly what I mean.,What exactly do you want to eat?,NGSL
28,4,worker,noun,노동자,The workers start work early.,How many workers does the company have?,NGSL
28,5,press,verb,누르다,Press here to open the door.,Did you press the wrong key?,NGSL
28,5,whatever,pronoun,무엇이든,Take whatever you want from the table.,Do whatever makes you happy.,NGSL
28,5,necessary,adjective,필요한,Is it necessary to bring food?,Water is necessary for all life.,NGSL
28,5,region,noun,지방,Many people live in this region.,Which region has the best food?,NGSL
28,5,growth,noun,성장,The city saw fast growth last year.,Good food helps a child's growth.,NGSL
28,6,influence,noun,영향,Music has a big influence on me.,Who had the most influence on you?,NGSL
28,6,respect,noun,존중,Show respect to your teachers.,We should speak to old people with respect.,NGSL
28,6,various,adjective,다양한,The shop sells various kinds of food.,Have you tried various types of music?,NGSL
28,6,thus,adverb,따라서,"It was late, and thus we went home.",She studied hard and thus passed the test.,NGSL
28,6,skill,noun,기술,Reading is an important skill for children.,What skills do you need for this job?,NGSL
28,7,attempt,noun,시도,Her first attempt did not work.,Was this your first attempt at the test?,NGSL
28,7,simple,adjective,간단한,The question was very simple.,Is there a simple way to do this?,NGSL
28,7,medium,adjective,중간의,Please give me a medium drink.,Do you have this in a medium size?,NGSL
28,7,average,adjective,평균의,The average price of a house went up.,What is the average age of the students?,NGSL
28,7,stock,noun,주식,He bought stock in a computer company.,Did the stock price rise today?,NGSL
29,1,management,noun,경영,Good management makes a company strong.,The company needs better management.,NGSL
29,1,character,noun,성격,She has a strong character.,What kind of character does he have?,NGSL
29,1,establish,verb,설립하다,They established the school many years ago.,When was this company established?,NGSL
29,1,indeed,adverb,정말로,It was indeed a very good film.,"Yes, indeed, I would love to come.",NGSL
29,1,final,adjective,마지막,This is the final game of the year.,Have you made your final decision yet?,NGSL
29,2,economy,noun,경제,The economy grew fast last year.,How is the economy doing in your country?,NGSL
29,2,fit,verb,크기가 맞다,Does this key fit the door?,The table does not fit in the room.,NGSL
29,2,guy,noun,남자,Who is that guy by the door?,He is a really nice guy.,NGSL
29,2,function,noun,기능,What is the function of this key?,Each part of the car has a function.,NGSL
29,2,image,noun,이미지,The image on the phone was very clear.,Can you send me the image again?,NGSL
29,3,size,noun,크기,What size is your room?,The two rooms are the same size.,NGSL
29,3,behavior,noun,행동,The teacher was happy with his behavior.,Why is her behavior so different today?,NGSL
29,3,addition,noun,추가,The new room is a nice addition.,Did you make any additions to the list?,NGSL
29,3,determine,verb,결정짓다,Price will determine which car we buy.,Can you determine the cause of the problem?,NGSL
29,3,population,noun,인구,The population of the city is growing.,Does the town have a large population?,NGSL
29,4,fail,verb,실패하다,I failed my test last week.,Why did the plan fail?,NGSL
29,4,environment,noun,환경,We should care for the environment.,Is the environment important to you?,NGSL
29,4,production,noun,생산,Food production increased this year.,When does production start?,NGSL
29,4,contract,noun,계약,She signed a new contract today.,Did you read the contract?,NGSL
29,4,comment,noun,의견,She made a nice comment about my work.,Do you have any comments?,NGSL
29,5,enter,verb,들어가다,Please enter through the front door.,Who entered the house first?,NGSL
29,5,occur,verb,발생하다,The problem occurred last night.,When did the change occur?,NGSL
29,5,alone,adverb,혼자,He lives alone in a small house.,Do you like being alone?,NGSL
29,5,significant,adjective,중대한,There was a significant change in price.,Is this a significant problem?,NGSL
29,5,drug,noun,약물,This drug helps people with heart problems.,Is this drug safe for children?,NGSL
29,6,series,noun,시리즈,I watched the whole series last week.,Which series do you like most?,NGSL
29,6,direct,adjective,직접적인,Is there a direct train to the city?,She gave me a direct answer.,NGSL
29,6,success,noun,성공,The party was a great success.,What is your idea of success?,NGSL
29,6,director,noun,감독,Who is the director of this film?,The director talked to the whole team.,NGSL
29,6,clearly,adverb,분명히,She clearly explained the plan to us.,Can you see the sign clearly?,NGSL
29,7,lack,noun,부족,A lack of money is a big problem.,Is there a lack of good teachers?,NGSL
29,7,review,noun,평가,The film got a great review.,Did you read the customer reviews?,NGSL
29,7,depend,verb,달려 있다,The price depends on the size.,Does the plan depend on money?,NGSL
29,7,race,noun,경주,He won the race by one second.,Who is running in the race today?,NGSL
29,7,recognize,verb,알아보다,I did not recognize him at first.,Do you recognize this old picture?,NGSL
30,1,purpose,noun,목적,What is the purpose of this meeting?,She works hard with a clear purpose.,NGSL
30,1,department,noun,부서,He works in the sales department.,Which department do you work in?,NGSL
30,1,gain,verb,얻다,You will gain experience from this job.,What did you gain from the class?,NGSL
30,1,college,noun,대학,My son goes to college next year.,Which college did you go to?,NGSL
30,1,argue,verb,말다툼하다,The two children argued about the game.,Why do they always argue about money?,NGSL
30,2,board,noun,판자,Put the board against the wall.,Can you cut this board in half?,NGSL
30,2,mark,verb,표시하다,Please mark the date on your list.,Did you mark the right answer?,NGSL
30,2,machine,noun,기계,The machine stopped working last night.,How does this machine work?,NGSL
30,2,achieve,verb,이루다,You can achieve anything with hard work.,What did you achieve this year?,NGSL
30,2,item,noun,항목,Each item on the list is important.,The first item is easy to answer.,NGSL
30,3,prove,verb,증명하다,Can you prove that it is true?,The test proved she was right.,NGSL
30,3,season,noun,계절,Which season do you like most?,Every season brings something new.,NGSL
30,3,stuff,noun,물건,Put your stuff on the table.,Whose stuff is this on the floor?,NGSL
30,3,anyone,pronoun,누구나,Does anyone know the answer?,Anyone can learn to drive a car.,NGSL
30,3,method,noun,방식,This method works well for me.,Is there a better method to learn?,NGSL
30,4,analysis,noun,분석,Her analysis of the data was clear.,We need a full analysis first.,NGSL
30,4,election,noun,선거,The election is next month.,Who won the last election?,NGSL
30,4,military,adjective,군사의,She spent two years in military service.,Do you like military history?,NGSL
30,4,club,noun,클럽,I joined the school book club.,Which club do you want to join?,NGSL
30,4,below,preposition,~아래에,The answer is written below the question.,The kids live below us.,NGSL
30,5,discussion,noun,논의,We had a long discussion about it.,Can we start the discussion now?,NGSL
30,5,challenge,noun,도전,Learning a new language is a challenge.,Do you enjoy a good challenge?,NGSL
30,5,nation,noun,국가,The whole nation watched the game.,Every nation has its own culture.,NGSL
30,5,nearly,adverb,거의,We are nearly at the hotel.,Nearly everyone came to the party.,NGSL
30,5,statement,noun,진술,His statement was short and clear.,Is that statement true?,NGSL
30,6,link,noun,연관,There is a link between the two.,I see no link between these events.,NGSL
30,6,despite,preposition,~에도 불구하고,"Despite the cost, we bought the car.",He kept working despite the late hour.,NGSL
30,6,introduce,verb,소개하다,Let me introduce my friend to you.,Did she introduce herself to the class?,NGSL
30,6,advantage,noun,이점,Speaking two languages is a big advantage.,What is the advantage of this plan?,NGSL
30,6,marry,verb,결혼하다,They plan to marry next summer.,Will you marry me?,NGSL
30,7,strike,verb,치다,He can strike the ball very far.,Why did the car strike the wall?,NGSL
30,7,mile,noun,마일,The school is two miles from here.,How many miles did you walk today?,NGSL
30,7,seek,verb,구하다,Many people seek a better life.,Where should I seek help?,NGSL
30,7,ability,noun,능력,She has the ability to learn fast.,Do you have the ability to drive?,NGSL
30,7,unit,noun,단위,An hour is a unit of time.,A meter is a unit of length.,NGSL
31,1,quickly,adverb,빨리,She walked quickly to the door.,Can you finish this quickly?,NGSL
31,1,interview,noun,면접,I have a job interview tomorrow.,How did your interview go today?,NGSL
31,1,agreement,noun,합의,The two companies reached an agreement.,Are we in agreement about the plan?,NGSL
31,1,release,verb,공개하다,The company will release a new phone.,When did they release the movie?,NGSL
31,1,tax,noun,세금,We pay tax on everything we buy.,How much tax do you pay?,NGSL
31,2,solution,noun,해결책,We found a solution to the problem.,Is there a simple solution?,NGSL
31,2,capital,noun,수도,What is the capital of your country?,The capital is a very big city.,NGSL
31,2,popular,adjective,인기 있는,This game is popular with kids.,Why is that movie so popular?,NGSL
31,2,specific,adjective,구체적인,Please give me a specific example.,Do you have a specific question?,NGSL
31,2,fear,noun,두려움,I felt fear when the light went out.,Do you have a fear of high places?,NGSL
31,3,aim,noun,목적,Our aim is to help every student.,What is the aim of this game?,NGSL
31,3,serious,adjective,심각한,This is a serious problem.,Is her health problem serious?,NGSL
31,3,target,noun,목표치,We reached our sales target early.,What is your target for this year?,NGSL
31,3,degree,noun,학위,She has a degree in history.,Do you need a degree for this job?,NGSL
31,3,access,noun,접근,Students have access to the computer room.,Do you have access to a car?,NGSL
31,4,movement,noun,움직임,She noticed a movement behind the door.,Watch every movement of the animal.,NGSL
31,4,treat,verb,대하다,Please treat your friends with respect.,Why does he treat her like that?,NGSL
31,4,identify,verb,알아내다,Can you identify the problem here?,The police identified the man quickly.,NGSL
31,4,loss,noun,손실,The company had a big loss last year.,How did they explain the loss?,NGSL
31,4,modern,adjective,현대적인,They live in a modern house.,Do you like modern art?,NGSL
31,5,pressure,noun,압박,She is under a lot of pressure.,Do you feel pressure at work?,NGSL
31,5,treatment,noun,치료,The doctor started her treatment today.,Is the treatment working well?,NGSL
31,5,conference,noun,회의,The conference will be held next month.,Are you going to the conference?,NGSL
31,5,supply,noun,공급,The water supply was cut for an hour.,Do we have a good supply of food?,NGSL
31,5,worth,adjective,가치가 있는,This book is worth reading.,Is the trip worth the money?,NGSL
31,6,natural,adjective,자연스러운,It is natural to feel that way.,Her voice sounds very natural.,NGSL
31,6,express,verb,표현하다,She expressed her love for her family.,Can you express your ideas clearly?,NGSL
31,6,indicate,verb,나타내다,The results indicate a real problem.,What does this sign indicate?,NGSL
31,6,attend,verb,참석하다,I will attend the meeting tomorrow.,Did you attend the party last night?,NGSL
31,6,investment,noun,투자,This house was a good investment.,Is education a good investment?,NGSL
31,7,score,noun,점수,My test score was very high.,What was the final score?,NGSL
31,7,organize,verb,정리하다,Let's organize the books by size.,She organized her office last week.,NGSL
31,7,beyond,preposition,~너머에,The store is beyond the school.,Is the hotel beyond the station?,NGSL
31,7,promise,verb,약속하다,I promise to call you tomorrow.,Did he promise to help us?,NGSL
31,7,potential,adjective,잠재적인,We met some potential customers today.,Is there a potential problem here?,NGSL
32,1,energy,noun,에너지,Children have so much energy.,Do you have the energy for a walk?,NGSL
32,1,trouble,noun,어려움,I had trouble finding the house.,Did you have any trouble getting here?,NGSL
32,1,relation,noun,관련,There is no relation between them.,What is the relation between price and demand?,NGSL
32,1,file,noun,파일,Please save the file before you leave.,Where did you put the file?,NGSL
32,1,middle,noun,가운데,She sat in the middle of the room.,Who is standing in the middle?,NGSL
32,2,bar,noun,막대 모양 덩어리,She gave me a bar of chocolate.,How much is this chocolate bar?,NGSL
32,2,suffer,verb,고통받다,He suffered a lot after the loss.,Some patients suffer for many years.,NGSL
32,2,strategy,noun,전략,We need a new business strategy.,What is your strategy for the game?,NGSL
32,2,except,preposition,~을 제외하고,Everyone came except my brother.,I like all colors except black.,NGSL
32,2,tend,verb,~하는 경향이 있다,I tend to get up early.,Old people tend to sleep less.,NGSL
32,3,advance,noun,진보,There have been great advances in medicine.,Is this a real advance in health care?,NGSL
32,3,fill,verb,채우다,She filled the room with music.,Can you fill this bottle for me?,NGSL
32,3,network,noun,네트워크,The computer network is down today.,Do you have a large network of friends?,NGSL
32,3,generally,adverb,일반적으로,I generally get up early.,Do people generally like this food?,NGSL
32,3,operation,noun,수술,My father had an operation last week.,Was the operation a success?,NGSL
32,4,match,noun,경기,We watched the match on television.,Who won the match last night?,NGSL
32,4,avoid,verb,피하다,I avoid eating late at night.,Why do you avoid that road?,NGSL
32,4,task,noun,할 일,This task will take an hour.,Did you finish your task today?,NGSL
32,4,normal,adjective,보통의,It was a normal day at work.,Is this a normal price?,NGSL
32,4,goal,noun,목표,My goal is to learn to drive.,What is your goal this year?,NGSL
32,5,associate,verb,연관 짓다,I associate red with love.,Do you associate music with school?,NGSL
32,5,positive,adjective,긍정적인,Try to stay positive every day.,She has a positive view of life.,NGSL
32,5,option,noun,선택지,You have two options here.,Is there another option?,NGSL
32,5,huge,adjective,거대한,They live in a huge house.,Was the fish really that huge?,NGSL
32,5,message,noun,메시지,I sent him a short message.,Did you get my message?,NGSL
32,6,instance,noun,사례,This is one instance of the problem.,Can you give me another instance?,NGSL
32,6,style,noun,스타일,I like her style of writing.,What style of music do you like?,NGSL
32,6,refer,verb,언급하다,Did she refer to me?,The teacher referred to a new book.,NGSL
32,6,quarter,noun,4분의 1,A quarter of the class was late.,Only a quarter of them came.,NGSL
32,6,assume,verb,가정하다,I assume he will come late.,Do you assume she knows the answer?,NGSL
32,7,successful,adjective,성공한,She is a successful doctor.,Was the party successful?,NGSL
32,7,doubt,noun,의심,I have no doubt about it.,Is there any doubt in your mind?,NGSL
32,7,competition,noun,경쟁,There is a lot of competition for jobs.,Competition between the shops is strong.,NGSL
32,7,theory,noun,이론,His theory is hard to understand.,Do you believe this theory?,NGSL
32,7,propose,verb,제안하다,I propose we meet next week.,What did the teacher propose?,NGSL
33,1,reference,noun,언급,He made a reference to my work.,Was that a reference to me?,NGSL
33,1,argument,noun,말다툼,They had an argument about money.,Why did the argument start?,NGSL
33,1,adult,noun,어른,Every adult must pay the full price.,Are you an adult now?,NGSL
33,1,document,noun,문서,Please sign this document today.,Where did you put the document?,NGSL
33,1,pattern,noun,패턴,I see a pattern in his behavior.,Is there a pattern to these numbers?,NGSL
33,2,application,noun,신청,I sent my application for the job.,Did they accept your application?,NGSL
33,2,obviously,adverb,명백히,She was obviously very happy today.,"Obviously, we need more time to finish.",NGSL
33,2,unclear,adjective,분명하지 않은,The answer is still unclear to me.,Why is his plan so unclear?,NGSL
33,2,bill,noun,청구서,Please pay the bill this week.,Did you get the phone bill?,NGSL
33,2,search,verb,찾아보다,I searched the room for my keys.,Did you search for a good hotel?,NGSL
33,3,separate,adjective,별개의,They sleep in separate rooms.,Can we pay with separate cards?,NGSL
33,3,central,adjective,중심의,The hotel is in the central area.,Is this the central station?,NGSL
33,3,career,noun,경력,She wants a career in music.,How did you choose your career?,NGSL
33,3,anyway,adverb,어쨌든,"It was late, but we went anyway.","Anyway, what did you do today?",NGSL
33,3,speech,noun,연설,He gave a short speech last night.,Was her speech about school?,NGSL
33,4,officer,noun,경찰관,The officer helped us find the road.,Is your father a police officer?,NGSL
33,4,throughout,preposition,~내내,We talked throughout the night.,Did she work throughout the summer?,NGSL
33,4,profit,noun,이익,The shop made a small profit this year.,Did your business make a profit?,NGSL
33,4,guess,verb,짐작하다,Can you guess how old I am?,I guessed the answer and was right.,NGSL
33,4,protect,verb,보호하다,Parents protect their children.,How can we protect the animals?,NGSL
33,5,resource,noun,자원,Water is an important resource.,Does the school have enough resources?,NGSL
33,5,science,noun,과학,My son loves science class.,Is science hard for you?,NGSL
33,5,disease,noun,질병,The doctor found the disease early.,Can this disease spread from person to person?,NGSL
33,5,balance,noun,균형,She lost her balance and fell.,How do you keep a good balance?,NGSL
33,5,damage,noun,피해,The water did great damage to the house.,Was there any damage to your car?,NGSL
33,6,basis,noun,기반,Love is the basis of a happy family.,What is the basis for your idea?,NGSL
33,6,author,noun,저자,The author wrote ten books.,Who is the author of this story?,NGSL
33,6,basic,adjective,기본적인,Every child needs basic skills.,Do you know the basic rules?,NGSL
33,6,encourage,verb,격려하다,My teacher encouraged me to keep trying.,Do parents encourage kids to read?,NGSL
33,6,male,adjective,남성의,The club has many male members.,Is the new teacher male?,NGSL
33,7,operate,verb,작동하다,This machine operates on very little power.,Does the system operate at night?,NGSL
33,7,reflect,verb,반영하다,The price reflects the quality of the food.,Does this report reflect your real opinion?,NGSL
33,7,exercise,noun,운동,Exercise is good for your heart.,How much exercise do you get?,NGSL
33,7,useful,adjective,유용한,This book is very useful for students.,Was the class useful to you?,NGSL
33,7,income,noun,소득,His income went up this year.,Do you have a second income?,NGSL
34,1,property,noun,재산,The house is my family's property.,Is this property for sale?,NGSL
34,1,previous,adjective,이전의,I liked the previous book more.,Did you see the previous show?,NGSL
34,1,imagine,verb,상상하다,Imagine a house near the water.,Can you imagine living in a big city?,NGSL
34,1,okay,adjective,괜찮은,Is it okay if I sit here?,Everything is okay now.,NGSL
34,1,earn,verb,돈을 벌다,She earns money at the shop.,How much do you earn a month?,NGSL
34,2,post,verb,게시하다,She posts pictures every day.,Did you post the news on the site?,NGSL
34,2,define,verb,정의하다,Can you define this word for me?,The teacher defined each new word.,NGSL
34,2,conclusion,noun,결론,What is the conclusion of the report?,We came to a conclusion together.,NGSL
34,2,everybody,pronoun,모든 사람,Everybody likes this game.,Is everybody ready to go?,NGSL
34,2,perform,verb,공연하다,The students will perform a play today.,She performed in front of everybody.,NGSL
34,3,professional,adjective,전문적인,He is a professional player.,Do you want professional help?,NGSL
34,3,mine,noun,광산,The men work in a mine.,Is there an old mine near here?,NGSL
34,3,debate,noun,토론,We had a long debate about it.,Who won the debate last night?,NGSL
34,3,memory,noun,기억,I have a good memory of that day.,Is your memory good?,NGSL
34,3,object,noun,물체,What is that object on the table?,He found a small object in the box.,NGSL
34,4,maintain,verb,유지하다,We must maintain a clean house.,How do you maintain your car?,NGSL
34,4,credit,noun,신용,I paid with my credit card.,Can I buy this on credit?,NGSL
34,4,discover,verb,발견하다,We discovered a nice restaurant in town.,Who discovered this place?,NGSL
34,4,prefer,verb,더 좋아하다,I prefer the blue one.,Do you prefer to walk or drive?,NGSL
34,4,extend,verb,연장하다,They extended the holiday by a day.,Can we extend our stay by a week?,NGSL
34,5,possibility,noun,가능성,There is a small possibility of change.,Is there any possibility of rain today?,NGSL
34,5,direction,noun,방향,Which direction is the station?,We walked in the wrong direction.,NGSL
34,5,facility,noun,시설,The hotel has a new sports facility.,Is there a facility for children here?,NGSL
34,5,variety,noun,다양성,The shop sells a variety of food.,There is a wide variety of books here.,NGSL
34,5,daily,adjective,매일의,Walking is part of my daily life.,Do you read a daily newspaper?,NGSL
34,6,screen,noun,화면,The screen on my phone is big.,Can you see the screen well?,NGSL
34,6,track,noun,좁은 길,We walked along the track to the sea.,Does this track lead to the town?,NGSL
34,6,completely,adverb,완전히,I completely forgot your name.,Are you completely sure about this?,NGSL
34,6,female,adjective,여성의,Most of the new students are female.,Is the doctor male or female?,NGSL
34,6,responsibility,noun,책임,It is my responsibility to help.,Who has responsibility for this project?,NGSL
34,7,original,adjective,원래의,The original plan was better.,Is this the original picture?,NGSL
34,7,dream,noun,꿈,I had a good dream last night.,What is your biggest dream?,NGSL
34,7,university,noun,대학교,She studies at a university.,Which university did you go to?,NGSL
34,7,easily,adverb,쉽게,You can easily find the shop.,Did you finish the test easily?,NGSL
34,7,agency,noun,대행사,We booked the trip through an agency.,Which agency did you use?,NGSL
35,1,fix,verb,고치다,Can you fix my car?,He fixed the door yesterday.,NGSL
35,1,ahead,adverb,앞에,The road ahead is clear.,Is the shop far ahead?,NGSL
35,1,cross,verb,건너다,Look both ways before you cross.,Did you cross the street alone?,NGSL
35,1,yeah,interjection,응,"Yeah, I like this song.","Yeah, that sounds good to me.",NGSL
35,1,candidate,noun,후보,She is a strong candidate for the job.,How many candidates did you interview?,NGSL
35,2,weight,noun,무게,What is the weight of this box?,He lost a lot of weight.,NGSL
35,2,legal,adjective,법적인,She works in the legal department.,Are these the legal papers?,NGSL
35,2,proposal,noun,제안,The team liked my proposal.,Did you read the new proposal?,NGSL
35,2,version,noun,버전,This is the new version of the game.,Which version do you have?,NGSL
35,2,conversation,noun,대화,We had a long conversation about music.,Did you enjoy the conversation?,NGSL
35,3,somebody,pronoun,누군가,Somebody left the door open.,Is somebody at the door?,NGSL
35,3,pound,noun,파운드,I paid ten pounds for the book.,Do you have a pound for the bus?,NGSL
35,3,magazine,noun,잡지,She reads a magazine every week.,Where did you buy this magazine?,NGSL
35,3,shape,noun,모양,The box has a round shape.,What shape is your table?,NGSL
35,3,immediately,adverb,즉시,Please call me immediately.,Did she answer immediately?,NGSL
35,4,welcome,verb,환영하다,They welcomed us at the door.,Do you welcome new students every year?,NGSL
35,4,communication,noun,의사소통,Good communication is important at work.,Is communication easy in your team?,NGSL
35,4,agent,noun,대리인,The agent showed us a new house.,Did you call your travel agent today?,NGSL
35,4,traditional,adjective,전통적인,We ate traditional food at the party.,Is this a traditional song in your country?,NGSL
35,4,replace,verb,교체하다,We need to replace the old car.,Can you replace this light for me?,NGSL
35,5,judge,noun,판사,The judge listened to both sides.,Is your mother a judge?,NGSL
35,5,suddenly,adverb,갑자기,The car suddenly stopped on the road.,Why did you suddenly leave the party?,NGSL
35,5,generation,noun,세대,My parents are from a different generation.,Does each generation like different music?,NGSL
35,5,estimate,verb,추정하다,Can you estimate the cost of the trip?,We estimate the work will take one week.,NGSL
35,5,favorite,adjective,가장 좋아하는,What is your favorite food?,Blue is my favorite color.,NGSL
35,6,shoot,verb,촬영하다,They shot a film by the lake.,Where will you shoot the video?,NGSL
35,6,stick,verb,붙이다,Stick the picture on the wall.,Can you stick this note on the door?,NGSL
35,6,rich,adjective,부유한,He became rich from his business.,Is her family very rich?,NGSL
35,6,none,pronoun,아무것도,None of the food was left.,None of us knew the answer.,NGSL
35,6,famous,adjective,유명한,This restaurant is famous for its fish.,Is she a famous writer?,NGSL
35,7,block,verb,가로막다,A big car is blocking the road.,Please do not block the door.,NGSL
35,7,writer,noun,작가,She is a famous writer of children's books.,Do you want to become a writer?,NGSL
35,7,safe,adjective,안전한,Is it safe to walk here at night?,Keep your money in a safe place.,NGSL
35,7,invite,verb,초대하다,Did you invite your friends to the party?,She invited me to her house.,NGSL
35,7,beat,verb,이기다,Our team beat them last night.,Can you beat me at this game?,NGSL
36,1,copy,noun,복사본,Please make a copy of this letter.,Do you have a copy of the book?,NGSL
36,1,text,noun,글,Read the text on page ten.,Did you understand the whole text?,NGSL
36,1,title,noun,제목,What is the title of the book?,The title of the movie is long.,NGSL
36,1,extra,adjective,여분의,Do you have an extra room?,We need extra time to finish.,NGSL
36,1,expensive,adjective,비싼,This car is too expensive for me.,Is that restaurant very expensive?,NGSL
36,2,sample,noun,샘플,Can I try a free sample?,They sent us a sample of the product.,NGSL
36,2,deliver,verb,배달하다,They deliver food to your door.,Can you deliver this letter today?,NGSL
36,2,collect,verb,모으다,I collect old books and cards.,Do you collect anything at home?,NGSL
36,2,straight,adverb,곧장,Go straight and turn left at the bank.,Did you come straight home after school?,NGSL
36,2,wonderful,adjective,아주 멋진,We had a wonderful holiday by the sea.,Isn't this a wonderful day?,NGSL
36,3,flat,adjective,평평한,The land here is very flat.,Is the table flat enough for this?,NGSL
36,3,flow,verb,흐르다,Water flows down from the high land.,Does the water flow into the sea?,NGSL
36,3,hang,verb,걸다,Hang your clothes behind the door.,Where should I hang this picture?,NGSL
36,3,band,noun,밴드,My brother plays in a rock band.,Which band do you like the most?,NGSL
36,3,relative,noun,친척,We visited our relatives last weekend.,Do you have any relatives in the city?,NGSL
36,4,tour,noun,관광,We took a tour of the old city.,Is the bus tour worth the price?,NGSL
36,4,software,noun,소프트웨어,This software helps me manage my money.,Did you buy the new software?,NGSL
36,4,pair,noun,한 쌍,I need a new pair of glasses.,Work in pairs and discuss the question.,NGSL
36,4,cheap,adjective,값싼,This restaurant is cheap and very good.,Is food cheap in your city?,NGSL
36,4,double,adjective,두 배의,Workers get double pay on holidays.,Do you want a single or double room?,NGSL
36,5,sentence,noun,문장,Please write a short sentence.,How many words are in this sentence?,NGSL
36,5,print,verb,인쇄하다,Can you print this page for me?,She printed the report yesterday.,NGSL
36,5,nobody,pronoun,아무도,Nobody was home when I called.,Why does nobody answer the phone?,NGSL
36,5,lay,verb,내려놓다,She laid the baby on the bed.,Where should I lay these papers?,NGSL
36,5,speed,noun,속도,The car went at high speed.,What is the speed limit here?,NGSL
36,6,reply,verb,답장하다,She replied to my message quickly.,Did he reply to your letter?,NGSL
36,6,perfect,adjective,완벽한,It was a perfect day for a walk.,"Nobody is perfect, so don't worry.",NGSL
36,6,suit,noun,정장,He wore a dark suit to work.,Do I need a suit for the interview?,NGSL
36,6,spot,noun,장소,This is a nice spot to eat.,Did you find a good spot?,NGSL
36,6,heat,noun,열,The summer heat made us tired.,Can you feel the heat from the fire?,NGSL
36,7,reader,noun,독자,The book has many young readers.,Are you a fast reader?,NGSL
36,7,guide,noun,가이드,Our guide knew every street.,Did the guide speak two languages?,NGSL
36,7,pain,noun,통증,I have a pain in my back.,Is the pain better now?,NGSL
36,7,surface,noun,표면,The surface of the table is flat.,Is the surface clean?,NGSL
36,7,excellent,adjective,훌륭한,She did an excellent job.,Was the food excellent?,NGSL
37,1,edge,noun,가장자리,Don't sit on the edge.,The cup is at the table's edge.,NGSL
37,1,camp,noun,캠프,We stayed at a summer camp.,Is the camp far from here?,NGSL
37,1,surround,verb,둘러싸다,Trees surround the old house.,The kids surrounded their teacher.,NGSL
37,1,roll,verb,구르다,The glass rolled off the table.,Did the ball roll under the car?,NGSL
37,1,photograph,noun,사진,She took a photograph of the river.,Is this an old photograph?,NGSL
37,2,artist,noun,예술가,My sister is a famous artist.,The artist painted a beautiful picture.,NGSL
37,2,crowd,noun,군중,A large crowd waited outside the store.,Why is there a crowd here?,NGSL
37,2,corner,noun,모퉁이,The shop is on the corner.,He sat in the corner alone.,NGSL
37,2,gas,noun,가스,Turn off the gas before you leave.,This gas has no color.,NGSL
37,2,net,noun,그물,The fish were caught in the net.,He threw the net into the river.,NGSL
37,3,secretary,noun,비서,My secretary will call you tomorrow.,Is she the new secretary?,NGSL
37,3,flight,noun,항공편,Our flight leaves at seven tomorrow.,Was the flight very long?,NGSL
37,3,neighbor,noun,이웃,My neighbor has a big dog.,Do you know your new neighbors?,NGSL
37,3,traffic,noun,교통량,The traffic was heavy this morning.,Is there much traffic on this road?,NGSL
37,3,lesson,noun,수업,My music lesson starts at nine.,Did you enjoy the lesson today?,NGSL
37,4,brain,noun,뇌,The brain controls the whole body.,How does the human brain remember things?,NGSL
37,4,speaker,noun,연설자,The speaker talked for an hour.,Who is the next speaker?,NGSL
37,4,bottom,noun,맨 아래,Look at the bottom of the page.,The coin sank to the bottom.,NGSL
37,4,repeat,verb,반복하다,"Could you repeat the question, please?",He repeated the word slowly.,NGSL
37,4,plus,preposition,~더하기,Two plus two is four.,The room costs fifty dollars plus tax.,NGSL
37,5,owner,noun,주인,The shop owner is very nice.,Who is the owner of this car?,NGSL
37,5,lady,noun,숙녀,A kind lady helped me find the way.,Who is that lady in red?,NGSL
37,5,connect,verb,연결하다,Connect the phone to the computer.,Does this road connect to the city?,NGSL
37,5,chapter,noun,챕터,Read the first chapter before class tomorrow.,Which chapter did you like most?,NGSL
37,5,secret,noun,비밀,Can you keep a secret?,She told me her secret yesterday.,NGSL
37,6,novel,noun,소설,I read a long novel last summer.,Have you finished reading that novel yet?,NGSL
37,6,gather,verb,모으다,We gathered wood for the fire.,Please gather all the papers on the table.,NGSL
37,6,mostly,adverb,대부분,The students were mostly from small towns.,I mostly eat at home during the week.,NGSL
37,6,earth,noun,지구,The earth moves around the sun.,How old is the earth?,NGSL
37,6,pop,noun,팝 음악,She listens to pop music every day.,My brother loves pop more than rock.,NGSL
37,7,path,noun,오솔길,We walked along the path by the river.,Which path leads to the beach?,NGSL
37,7,powerful,adjective,강력한,This is a very powerful computer.,Why is this car so powerful?,NGSL
37,7,fan,noun,애호가,I am a big fan of this band.,The fans waited outside the hotel.,NGSL
37,7,twice,adverb,두 번,I called her twice today.,Have you read this book twice?,NGSL
37,7,fresh,adjective,신선한,Fresh food costs a little more.,Is the fish fresh today?,NGSL
38,1,engineer,noun,엔지니어,My father is an engineer.,The engineers fixed the machine quickly.,NGSL
38,1,divide,verb,나누다,Divide the money into equal parts.,How should we divide the work?,NGSL
38,1,length,noun,길이,What is the length of this table?,We measured the length of the room.,NGSL
38,1,package,noun,소포,A package arrived for you this morning.,Did you send the package yesterday?,NGSL
38,1,somewhere,adverb,어딘가에,I left my phone somewhere at home.,Let's go somewhere warm this winter.,NGSL
38,2,weapon,noun,무기,The museum shows weapons from long ago.,Is this old weapon made of iron?,NGSL
38,2,broad,adjective,넓은,The river is very broad here.,She has a broad knowledge of art.,NGSL
38,2,tire,noun,타이어,The car needs a new tire.,Did you check the tires yesterday?,NGSL
38,2,battle,noun,싸움,She won her battle against the illness.,His battle with the cold lasted a week.,NGSL
38,2,cash,noun,현금,I paid in cash yesterday.,Do you have any cash with you?,NGSL
38,3,award,noun,상,She won an award for her book.,Who received the award this year?,NGSL
38,3,coach,noun,코치,Our coach is very kind to us.,Did the coach change the team?,NGSL
38,3,strange,adjective,이상한,I heard a strange sound last night.,Isn't it strange that nobody came?,NGSL
38,3,code,noun,암호,Please enter the code to open the door.,Do you know the secret code?,NGSL
38,3,accident,noun,사고,There was a car accident this morning.,Did the accident happen near your house?,NGSL
38,4,afraid,adjective,무서워하는,Are you afraid of dogs?,I was afraid to ask a question.,NGSL
38,4,cancer,noun,암,Smoking can cause cancer.,Can doctors treat this cancer early?,NGSL
38,4,healthy,adjective,건강한,She eats healthy food every day.,Is running every day healthy?,NGSL
38,4,blow,verb,불다,The wind blew all night.,Did the wind blow down the tree?,NGSL
38,4,actor,noun,배우,He is a famous film actor.,Who is your favorite actor?,NGSL
38,5,glad,adjective,기쁜,I am glad you could come.,Are you glad the test is over?,NGSL
38,5,tape,noun,테이프,I need some tape to fix this box.,Is there any tape in the kitchen?,NGSL
38,5,opposite,adjective,반대의,The bank is on the opposite side.,Why did you go the opposite way?,NGSL
38,5,hate,verb,몹시 싫어하다,I hate cold weather.,Why do you hate this song?,NGSL
38,5,concert,noun,콘서트,We went to a concert last night.,Was the concert fun?,NGSL
38,6,comfortable,adjective,편안한,This chair is very comfortable.,Are you comfortable in that seat?,NGSL
38,6,carefully,adverb,조심스럽게,Please read the letter carefully.,Did you drive carefully in the rain?,NGSL
38,6,pack,verb,짐을 싸다,I need to pack for my trip.,Did you pack your camera?,NGSL
38,6,theater,noun,극장,We saw a play at the theater.,Is the theater near your house?,NGSL
38,6,museum,noun,박물관,The museum opens early today.,Have you visited the art museum?,NGSL
38,7,visitor,noun,방문객,We had a visitor this morning.,How many visitors come each year?,NGSL
38,7,branch,noun,나뭇가지,A bird sat on the branch.,Did the branch break in the wind?,NGSL
38,7,vehicle,noun,차량,Park your vehicle over there.,How many vehicles use this road?,NGSL
38,7,scientist,noun,과학자,My sister is a scientist.,What do scientists do all day?,NGSL
38,7,bind,verb,묶다,Please bind these books together.,She bound the sticks together with rope.,NGSL
39,1,fashion,noun,패션,She works in the fashion industry.,Is fashion important to you?,NGSL
39,1,danger,noun,위험,The children are in danger.,Is there any danger here?,NGSL
39,1,bomb,noun,폭탄,The old bomb in the museum is empty.,Is that bomb in the film real?,NGSL
39,1,army,noun,군대,My brother joined the army last year.,How long was he in the army?,NGSL
39,1,dangerous,adjective,위험한,Swimming here is dangerous.,Is this road dangerous at night?,NGSL
39,2,hurt,verb,다치게 하다,Did you hurt your leg?,He hurt his back at work.,NGSL
39,2,delivery,noun,배달,The delivery arrived this morning.,Is delivery free for this order?,NGSL
39,2,guest,noun,손님,We have guests for dinner tonight.,How many guests are coming?,NGSL
39,2,anybody,pronoun,누구든지,Is anybody home?,Anybody can join the club.,NGSL
39,2,noise,noun,소음,What is that noise?,The noise kept me up all night.,NGSL
39,3,square,noun,정사각형,Cut the paper into four squares.,A square has four equal sides.,NGSL
39,3,destroy,verb,파괴하다,The fire destroyed the old house.,Did the war destroy the town?,NGSL
39,3,temperature,noun,온도,The temperature dropped last night.,What is the temperature outside today?,NGSL
39,3,load,noun,짐,The car carried a heavy load.,Is the load too heavy for you?,NGSL
39,3,prison,noun,감옥,He spent five years in prison.,Is the prison far from town?,NGSL
39,4,switch,verb,바꾸다,Let's switch seats so you can see.,Did you switch to a new phone?,NGSL
39,4,border,noun,국경,They crossed the border at night.,How far is the border from here?,NGSL
39,4,ad,noun,광고,I saw an ad for the new phone.,Did you see the ad on television?,NGSL
39,4,hall,noun,복도,She waited for me in the hall.,Is your room down the hall?,NGSL
39,4,escape,verb,도망치다,The dog escaped from the garden.,How did they escape the fire?,NGSL
39,5,studio,noun,스튜디오,She works in a music studio.,Is the studio open on weekends?,NGSL
39,5,relax,verb,긴장을 풀다,I relax at home on weekends.,Do you relax after work?,NGSL
39,5,tourist,noun,관광객,Many tourists visit this island.,Are you a tourist here?,NGSL
39,5,lawyer,noun,변호사,She works as a lawyer.,Do you need a lawyer?,NGSL
39,5,frame,noun,틀,The picture frame is made of wood.,Is the window frame broken?,NGSL
39,6,chain,noun,사슬,The dog is on a chain.,Is the chain made of gold?,NGSL
39,6,birth,noun,출생,She gave birth to a baby girl.,What is your date of birth?,NGSL
39,6,label,noun,라벨,Read the label before you eat it.,Does the label show the price?,NGSL
39,6,factory,noun,공장,My father works at a car factory.,The factory makes shoes for children.,NGSL
39,6,channel,noun,채널,Which channel is the game on?,Please change the channel to the news.,NGSL
39,7,west,noun,서쪽,The sun goes down in the west.,They live in the west of the city.,NGSL
39,7,friendly,adjective,친절한,Our new neighbors are very friendly.,Is the hotel staff friendly?,NGSL
39,7,principal,noun,교장,The principal spoke to every student today.,Did you meet the new school principal?,NGSL
39,7,shot,noun,슛,His last shot won the game.,Was that shot good enough to score?,NGSL
39,7,till,preposition,~까지,The shop is open till nine.,Can you stay till next week?,NGSL
40,1,narrow,adjective,좁은,The road is too narrow for two cars.,Why is this street so narrow?,NGSL
40,1,wild,adjective,야생의,Wild animals live in that forest.,Have you ever seen a wild horse?,NGSL
40,1,instrument,noun,악기,Which instrument do you play?,He learned a new instrument this year.,NGSL
40,1,lovely,adjective,아주 멋진,What a lovely garden you have!,We had a lovely time at the beach.,NGSL
40,1,row,noun,줄,We sat in the front row.,Plant the trees in a row.,NGSL
40,2,fuel,noun,연료,The car needs more fuel.,How much fuel does the plane use?,NGSL
40,2,celebrate,verb,축하하다,Let's celebrate the good news tonight!,We celebrated our win with dinner.,NGSL
40,2,breath,noun,숨,Take a deep breath and relax.,She was out of breath after running.,NGSL
40,2,sheet,noun,종이 한 장,"Give me a sheet of paper, please.",She wrote her name on the sheet.,NGSL
40,2,engine,noun,엔진,The car engine is making a noise.,Can you fix the engine today?,NGSL
40,3,stretch,verb,쭉 뻗다,Stretch your arms before you swim.,The cat stretched on the warm floor.,NGSL
40,3,tiny,adjective,아주 작은,The baby has tiny hands.,We live in a tiny house.,NGSL
40,3,careful,adjective,조심스러운,Be careful with the hot water.,She is a careful driver.,NGSL
40,3,terrible,adjective,끔찍한,The weather was terrible yesterday.,What a terrible mistake!,NGSL
40,3,anywhere,adverb,어디든,You can sit anywhere you like.,I can't find my keys anywhere.,NGSL
40,4,tip,noun,팁,Can you give me some cooking tips?,Here is a useful tip for travel.,NGSL
40,4,discount,noun,할인,Students get a discount at this museum.,Is there a discount on these shoes?,NGSL
40,4,yard,noun,마당,The kids played in the yard.,Is there a tree in your yard?,NGSL
40,4,guard,noun,경비원,The guard stood by the door.,Did the guard check your ticket?,NGSL
40,4,weak,adjective,약한,She felt too weak to stand.,Is the coffee too weak for you?,NGSL
40,5,neighborhood,noun,동네,This is a quiet neighborhood.,Do you like your new neighborhood?,NGSL
40,5,passenger,noun,승객,The passengers waited for the bus.,How many passengers were on the plane?,NGSL
40,5,rush,verb,서두르다,There's no need to rush today.,Why did you rush through your work?,NGSL
40,5,steal,verb,훔치다,Someone stole my bag on the train.,Did he really steal the money?,NGSL
40,5,helpful,adjective,도움이 되는,Your advice was very helpful.,Is this book helpful for students?,NGSL
40,6,joke,noun,농담,He told a funny joke at dinner.,Was that a joke or the truth?,NGSL
40,6,column,noun,기둥,Tall columns hold up the old building.,How many columns does the hall have?,NGSL
40,6,coast,noun,해안,We drove along the coast all day.,Is your town near the coast?,NGSL
40,6,ill,adjective,몸이 아픈,She was too ill to go to work.,Has he been ill for long?,NGSL
40,6,mobile,adjective,이동식의,My mobile phone is in the car.,Is the mobile library coming this week?,NGSL
40,7,chart,noun,도표,The chart shows sales by month.,Can you read this chart for me?,NGSL
40,7,attach,verb,붙이다,Please attach a photo to the form.,Did you attach the file to the email?,NGSL
40,7,everywhere,adverb,어디에나,I looked everywhere for my keys.,Why are there flowers everywhere?,NGSL
40,7,east,noun,동쪽,The sun rises in the east.,Does the wind come from the east?,NGSL
40,7,professor,noun,교수,The professor explained the theory clearly.,Which professor teaches history?,NGSL
41,1,dozen,noun,열두 개,We need a dozen chairs for the party.,How much is a dozen eggs?,NGSL
41,1,gap,noun,틈,There is a small gap under the door.,Did you notice the gap in the wall?,NGSL
41,1,northern,adjective,북쪽의,They live in the northern part of town.,Is the northern area cold in winter?,NGSL
41,1,alive,adjective,살아 있는,We were happy to find him alive.,Is the plant still alive after winter?,NGSL
41,1,enemy,noun,적,The countries were enemies for many years.,Is he your friend or your enemy?,NGSL
41,2,online,adverb,온라인으로,I bought these shoes online yesterday.,Do you often study online at home?,NGSL
41,2,injury,noun,부상,He missed the game because of an injury.,Was the injury to her leg serious?,NGSL
41,2,childhood,noun,어린 시절,She spent her childhood near the sea.,Do you remember your childhood friends?,NGSL
41,2,slip,verb,미끄러지다,She slipped on the ice this morning.,"Be careful, or you will slip!",NGSL
41,2,knock,verb,두드리다,Someone is knocking on the door.,Please knock before you enter.,NGSL
41,3,disk,noun,디스크,Save the file on the hard disk.,Is the disk full again?,NGSL
41,3,aircraft,noun,항공기,The aircraft landed on time.,How many aircraft does the company own?,NGSL
41,3,metal,noun,금속,This box is made of metal.,Does metal get hot in the sun?,NGSL
41,3,sharp,adjective,날카로운,"Be careful, that edge is very sharp.",Do you have a sharp knife?,NGSL
41,3,plastic,noun,플라스틱,This cup is made of plastic.,Please don't throw plastic into the river.,NGSL
41,4,boss,noun,상사,My boss gave me a day off.,Is your new boss friendly?,NGSL
41,4,freeze,verb,얼다,Water freezes when it gets very cold.,Did the lake freeze last winter?,NGSL
41,4,lucky,adjective,운이 좋은,You were lucky to catch the train.,Is seven your lucky number?,NGSL
41,4,crash,noun,충돌 사고,Nobody was hurt in the car crash.,Did you hear about the plane crash?,NGSL
41,4,repair,verb,수리하다,Can you repair my old car?,He repaired the door yesterday.,NGSL
41,5,borrow,verb,빌리다,May I borrow your book?,She borrowed money from the bank.,NGSL
41,5,proud,adjective,자랑스러운,I am so proud of you.,Are your parents proud of your work?,NGSL
41,5,nearby,adjective,근처의,We ate at a nearby restaurant.,Is there a nearby hospital?,NGSL
41,5,breast,noun,가슴,The bird had a red breast.,I cooked chicken breast for dinner.,NGSL
41,5,reporter,noun,기자,The reporter asked the president a question.,My sister works as a news reporter.,NGSL
41,6,chip,noun,칩,The new phone has a faster chip.,How small is this computer chip?,NGSL
41,6,winner,noun,우승자,The winner will receive a gold cup.,Who was the winner of the game?,NGSL
41,6,breathe,verb,숨 쉬다,Breathe slowly and try to relax.,Can you breathe well in this room?,NGSL
41,6,southern,adjective,남쪽의,They live in the southern part of town.,Is the southern coast warm in winter?,NGSL
41,6,mathematics,noun,수학,She teaches mathematics at a high school.,Is mathematics your favorite subject?,NGSL
41,7,upper,adjective,위쪽의,Our office is on the upper floor.,Did you hurt your upper arm?,NGSL
41,7,split,verb,쪼개다,He split the apple into two pieces.,Should we split into two teams?,NGSL
41,7,swing,verb,흔들리다,The lights swing in the strong wind.,Did the boat swing from side to side?,NGSL
41,7,journalist,noun,언론인,The journalist asked the president a question.,Do you want to become a journalist?,NGSL
41,7,advertisement,noun,광고,I saw an advertisement for the new car.,Did you see the advertisement on television?,NGSL
42,1,aside,adverb,옆으로,He moved aside to let her pass.,Please step aside so I can pass.,NGSL
42,1,bet,verb,장담하다,I bet it will rain tomorrow.,I bet you will love this song!,NGSL
42,1,calm,adjective,차분한,She stayed calm during the test.,How do you stay so calm?,NGSL
42,1,spell,verb,철자를 쓰다,How do you spell your name?,She can spell long words easily.,NGSL
42,1,lean,verb,기대다,Don't lean against the wall.,She leaned forward to hear better.,NGSL
42,2,protein,noun,단백질,Eggs have a lot of protein.,Do you eat enough protein every day?,NGSL
42,2,crop,noun,농작물,What crops do farmers grow here?,The rain helped the crops grow.,NGSL
42,2,gentleman,noun,신사,He is a true gentleman.,The old gentleman opened the door for her.,NGSL
42,2,drama,noun,드라마,I watch a drama every evening.,Do you like this new drama?,NGSL
42,2,landscape,noun,풍경,The landscape here is very beautiful.,She paints landscapes of the mountains.,NGSL
42,3,hunt,verb,사냥하다,Cats hunt mice at night.,Did people hunt animals for food long ago?,NGSL
42,3,prize,noun,상,She won first prize at the show.,What is the prize for the winner?,NGSL
42,3,laughter,noun,웃음,The room was full of laughter.,Did you hear their laughter outside?,NGSL
42,3,electricity,noun,전기,The storm cut off our electricity.,How much electricity does this machine use?,NGSL
42,3,soil,noun,흙,Plants grow well in rich soil.,Is the soil too dry for flowers?,NGSL
42,4,layer,noun,층,Add a layer of paint to the wall.,Is there a thin layer of ice?,NGSL
42,4,upset,adjective,속상한,Why are you so upset today?,She was upset about the news.,NGSL
42,4,wire,noun,전선,Don't touch the wire near the light.,Is this wire connected to the machine?,NGSL
42,4,inch,noun,인치,The snow was a few inches deep.,How many inches are in a foot?,NGSL
42,4,solid,adjective,단단한,The ice was solid enough to walk on.,Is this table made of solid wood?,NGSL
42,5,uniform,noun,제복,Students wear a uniform at my school.,Do police officers wear uniforms every day?,NGSL
42,5,port,noun,항구,The ship arrived at the port early.,Which port does the boat leave from?,NGSL
42,5,pitch,verb,공을 던지다,He pitched the ball very fast.,Who is pitching for your team today?,NGSL
42,5,episode,noun,에피소드,Did you watch the last episode yet?,Each episode is about an hour long.,NGSL
42,5,crack,noun,갈라진 틈,There is a crack in the window.,Can you see the crack in this cup?,NGSL
42,6,cable,noun,케이블,The cable connects the computer to the screen.,Do you have a cable for this phone?,NGSL
42,6,nervous,adjective,긴장한,I always feel nervous before a test.,Why are you so nervous today?,NGSL
42,6,prisoner,noun,죄수,The prisoner was released after five years.,How many prisoners are in the prison?,NGSL
42,6,tight,adjective,꽉 끼는,These shoes are too tight for me.,Why is this shirt so tight?,NGSL
42,6,string,noun,끈,Tie the box with this string.,Do you have a piece of string?,NGSL
42,7,crew,noun,승무원,The crew welcomed us onto the plane.,How many crew members work here?,NGSL
42,7,pupil,noun,학생,The teacher asked each pupil a question.,How many pupils are in your class?,NGSL
42,7,sink,verb,가라앉다,The boat began to sink slowly.,Why do stones sink in water?,NGSL
42,7,stare,verb,빤히 쳐다보다,Why are you staring at me?,He stared at the picture for hours.,NGSL
42,7,anymore,adverb,더 이상,I do not live there anymore.,Does she work here anymore?,NGSL
43,1,hero,noun,영웅,The soldier became a hero in the war.,Who is your hero?,NGSL
43,1,meter,noun,미터,The room is five meters long.,How many meters can you swim?,NGSL
43,1,beside,preposition,~옆에,Come and sit beside me.,Who is standing beside your sister?,NGSL
43,1,sail,verb,항해하다,We sailed across the lake last summer.,Do you want to sail tomorrow?,NGSL
43,1,sweep,verb,쓸다,I sweep the floor every morning.,Did you sweep the kitchen yet?,NGSL
43,2,sir,noun,선생님,"Can I help you, sir?","Excuse me, sir, you dropped this.",NGSL
43,2,pub,noun,술집,The village has one small pub.,The pub serves lunch every day.,NGSL
43,2,stream,noun,개울,The children played by the stream.,Can we cross the stream safely?,NGSL
43,2,height,noun,높이,What is the height of that wall?,The plane flew at a great height.,NGSL
43,2,western,adjective,서쪽의,The western side of the house is cool.,Is the western gate open now?,NGSL
43,3,muscle,noun,근육,He pulled a muscle playing football.,Which muscle hurts when you run?,NGSL
43,3,scare,verb,겁주다,Sudden noises scare my dog.,Did the movie scare you last night?,NGSL
43,3,badly,adverb,심하게,The car was badly damaged in the crash.,Was anyone badly hurt in the accident?,NGSL
43,3,everyday,adjective,일상적인,These are everyday problems for parents.,Do you wear everyday clothes to work?,NGSL
43,3,essay,noun,에세이,I wrote an essay about my family.,Did you finish your essay for class?,NGSL
43,4,scream,verb,비명을 지르다,The kids screamed on the fast ride.,Why did the baby scream all night?,NGSL
43,4,furniture,noun,가구,We bought new furniture for the bedroom.,Is the furniture in this shop expensive?,NGSL
43,4,platform,noun,플랫폼,The train leaves from platform two.,Which platform is the train to the city?,NGSL
43,4,steel,noun,강철,The bridge is made of steel.,Do they use steel to build ships?,NGSL
43,4,wound,noun,상처,The doctor cleaned the wound carefully.,How deep is the wound on your arm?,NGSL
43,5,designer,noun,디자이너,My sister works as a fashion designer.,Who was the designer of this building?,NGSL
43,5,album,noun,앨범,The singer released a new album last month.,Have you heard their new album yet?,NGSL
43,5,trail,noun,오솔길,We walked along the forest trail.,Does this trail lead to the lake?,NGSL
43,5,trap,noun,덫,The farmer set a trap for the mouse.,Did the animal fall into the trap?,NGSL
43,5,loose,adjective,느슨한,The string on the box is loose.,Is one of your teeth loose?,NGSL
43,6,tank,noun,탱크,The fish tank needs clean water.,We filled the tank with gas.,NGSL
43,6,tune,noun,곡조,He sang a happy tune.,Can you remember that old tune?,NGSL
43,6,invitation,noun,초대,Thank you for the dinner invitation.,Did you get an invitation too?,NGSL
43,6,frighten,verb,무섭게 하다,Loud noises frighten my dog.,Did the movie frighten you?,NGSL
43,6,stem,noun,줄기,The flower has a long stem.,Cut the stem before you add water.,NGSL
43,7,poem,noun,시,She wrote a poem about spring.,Can you read this poem to me?,NGSL
43,7,alcohol,noun,술,This drink contains no alcohol.,Stores must not sell alcohol to children.,NGSL
43,7,festival,noun,축제,The town holds a music festival every summer.,Are you going to the festival?,NGSL
43,7,van,noun,승합차,They moved the furniture in a van.,Whose van is parked outside?,NGSL
43,7,planet,noun,행성,Earth is a small blue planet.,How many planets can you name?,NGSL
44,1,curve,noun,곡선,The road has a sharp curve ahead.,Draw a curve on the paper.,NGSL
44,1,web,noun,웹,I read the news on the web.,Do you shop on the web often?,NGSL
44,1,depth,noun,깊이,The depth of the pool is two meters.,What is the depth of this lake?,NGSL
44,1,entrance,noun,입구,Meet me at the front entrance.,Where is the entrance to the museum?,NGSL
44,1,log,noun,통나무,He put another log on the fire.,The logs were cut from old trees.,NGSL
44,2,giant,adjective,거대한,A giant tree stood in the garden.,Did you see that giant wave?,NGSL
44,2,god,noun,신,The ancient people believed in many gods.,Do you believe in a god?,NGSL
44,2,inner,adjective,안쪽의,The inner door was locked.,Is the inner pocket big enough?,NGSL
44,2,shadow,noun,그림자,The tree cast a long shadow.,Why is my shadow so long now?,NGSL
44,2,strip,noun,가늘고 긴 조각,Cut the paper into thin strips.,A strip of land lies between the rivers.,NGSL
44,3,smooth,adjective,매끄러운,The baby's skin is very smooth.,The stone felt smooth and cold.,NGSL
44,3,exam,noun,시험,I have a big exam tomorrow morning.,Did you pass your driving exam?,NGSL
44,3,resort,noun,휴양지,We stayed at a beach resort.,Is the resort open in winter?,NGSL
44,3,iron,noun,철,This gate is made of iron.,"Iron is a strong, heavy metal.",NGSL
44,3,blind,adjective,눈이 먼,The blind man walks with a dog.,My grandmother is nearly blind now.,NGSL
44,4,bend,verb,구부리다,Bend your knees before you lift it.,Can you bend this wire for me?,NGSL
44,4,alarm,noun,알람,I set my alarm for six.,Did the fire alarm go off?,NGSL
44,4,flood,noun,홍수,The flood destroyed many homes last year.,Was there a flood in your town?,NGSL
44,4,crazy,adjective,미친,That was a crazy idea!,"It sounds crazy, but it worked.",NGSL
44,4,desert,noun,사막,Very few plants grow in the desert.,Have you ever seen a desert?,NGSL
44,5,mate,noun,친구,He went to the pub with his mates.,Are they your mates from work?,NGSL
44,5,tap,verb,가볍게 두드리다,Tap the screen to open the app.,She tapped me on the shoulder.,NGSL
44,5,apologize,verb,사과하다,I apologize for being late again.,Did he apologize to you?,NGSL
44,5,grab,verb,움켜잡다,He grabbed my arm and pulled.,Can you grab that bag for me?,NGSL
44,5,lend,verb,빌려주다,Can you lend me your pen?,The bank lent him some money.,NGSL
44,6,rough,adjective,거친,His hands were rough from hard work.,Is the sea rough today?,NGSL
44,6,seal,verb,밀봉하다,Seal the bag to keep the bread fresh.,The letter was sealed and sent.,NGSL
44,6,tube,noun,튜브,The paint comes in a small tube.,Water flows through this long tube.,NGSL
44,6,tower,noun,탑,The tower is the tallest building here.,Did you see the old clock tower?,NGSL
44,6,infant,noun,유아,The infant slept in her mother's arms.,How old is the infant now?,NGSL
44,7,drag,verb,끌다,Don't drag the chair across the floor.,She dragged the heavy box to the door.,NGSL
44,7,mount,verb,올라타다,He mounted the horse and rode away.,Can you mount a horse without help?,NGSL
44,7,wrap,verb,포장하다,She wrapped the gift in red paper.,"Can you wrap this for me, please?",NGSL
44,7,angle,noun,각도,Look at the picture from a different angle.,What is the angle of this corner?,NGSL
44,7,virus,noun,바이러스,The virus spread quickly through the school.,Did the computer get a virus?,NGSL
45,1,teenager,noun,십 대 청소년,My daughter is a teenager now.,Do teenagers still read newspapers?,NGSL
45,1,surgery,noun,수술,My father had heart surgery last year.,How long will the surgery take?,NGSL
45,1,musician,noun,음악가,The musicians played all night long.,Is your brother a musician?,NGSL
45,1,stupid,adjective,어리석은,That was a stupid mistake.,Why did I do something so stupid?,NGSL
45,1,twin,noun,쌍둥이,My twin and I look very similar.,Do you have a twin brother?,NGSL
45,2,eastern,adjective,동쪽의,The eastern coast is beautiful in summer.,Do you live on the eastern side?,NGSL
45,2,rescue,verb,구조하다,They rescued a dog from the river.,Who rescued the children from the fire?,NGSL
45,2,mess,noun,엉망,Your room is a total mess!,Who made this mess in the kitchen?,NGSL
45,2,league,noun,리그,Our team won the league this year.,Which league does he play in?,NGSL
45,2,bury,verb,땅에 묻다,The dog buried a bone in the garden.,Where did you bury the old box?,NGSL
45,3,motor,noun,모터,The motor in the fan stopped working.,This small boat has an electric motor.,NGSL
45,3,counter,noun,계산대,Please pay at the counter near the door.,She put the cup on the kitchen counter.,NGSL
45,3,valley,noun,골짜기,A small river runs through the valley.,The village sits in a green valley.,NGSL
45,3,float,verb,물에 뜨다,Wood floats on water.,Can you float on your back?,NGSL
45,3,mad,adjective,화난,Mom was mad because I was late.,Are you still mad at me?,NGSL
45,4,electric,adjective,전기의,We bought an electric car last month.,Is the electric bill high this month?,NGSL
45,4,coal,noun,석탄,The old train burned coal for power.,Is coal still used to make electricity?,NGSL
45,4,illustration,noun,삽화,The book has beautiful illustrations.,Who drew this illustration?,NGSL
45,4,burst,verb,터지다,The balloon burst with a loud noise.,Why did the bag burst so easily?,NGSL
45,4,buyer,noun,구매자,The buyer paid cash for the car.,Have you found a buyer for your house?,NGSL
45,5,rail,noun,철도,We traveled across the country by rail.,Is rail travel cheaper than flying?,NGSL
45,5,laboratory,noun,실험실,The scientists work in a large laboratory.,Is the laboratory open on weekends?,NGSL
45,5,champion,noun,우승자,She became the tennis champion this year.,Who is the world champion now?,NGSL
45,5,dust,noun,먼지,There was dust all over the table.,Why is there so much dust here?,NGSL
45,5,march,verb,행진하다,The soldiers marched through the town.,Why are they marching down the street?,NGSL
45,6,opera,noun,오페라,We watched an opera last night.,Do you enjoy the opera?,NGSL
45,6,contest,noun,대회,She won the singing contest.,Are you entering the photo contest?,NGSL
45,6,gallery,noun,미술관,We visited a new art gallery yesterday.,Does the gallery show modern paintings?,NGSL
45,6,chest,noun,가슴,He has a pain in his chest.,She held the box against her chest.,NGSL
45,6,embrace,verb,껴안다,She ran to embrace her mother.,The two friends embraced at the station.,NGSL
45,7,silent,adjective,조용한,The room was silent after the news.,He stayed silent during the whole meeting.,NGSL
45,7,pump,noun,펌프,The water pump stopped working again.,Where is the pump for the bike?,NGSL
45,7,celebration,noun,축하 행사,We had a big celebration last night.,Is the celebration for her wedding?,NGSL
45,7,weigh,verb,무게를 재다,How much does this bag weigh?,The doctor weighed the baby this morning.,NGSL
45,7,flash,noun,번쩍임,There was a flash of light outside.,A flash of lightning lit the sky.,NGSL
46,1,fantastic,adjective,환상적인,We had a fantastic time at the beach.,"That was a fantastic dinner, thank you!",NGSL
46,1,injure,verb,다치게 하다,He injured his knee playing football.,Was anyone injured in the accident?,NGSL
46,1,twist,verb,비틀다,She twisted the cap off the bottle.,Don't twist your arm like that!,NGSL
46,1,throat,noun,목구멍,My throat hurts today.,Does your throat still hurt?,NGSL
46,1,forever,adverb,영원히,I will love you forever.,"Nothing lasts forever, does it?",NGSL
46,2,pregnant,adjective,임신한,My sister is pregnant with twins.,Is she pregnant again?,NGSL
46,2,gear,noun,장비,Bring your camping gear this weekend.,Where did you buy your fishing gear?,NGSL
46,2,click,verb,클릭하다,Click the button to start.,Did you click the wrong link?,NGSL
46,2,poet,noun,시인,The poet read her new poem.,Who is your favorite poet?,NGSL
46,2,pile,noun,더미,A pile of books sat on the desk.,Who left this pile of clothes here?,NGSL
46,3,mixture,noun,혼합물,Pour the mixture into the bowl.,The cake mixture looks ready.,NGSL
46,3,creature,noun,생물,The forest is full of strange creatures.,What kind of creature is that?,NGSL
46,3,fancy,adjective,고급스러운,We ate at a fancy restaurant.,Why are you wearing such fancy clothes?,NGSL
46,3,chat,verb,수다 떨다,We chatted for an hour.,Do you want to chat later?,NGSL
46,3,clothing,noun,의류,The store sells winter clothing.,Bring warm clothing for the trip.,NGSL
46,4,shelf,noun,선반,The books are on the top shelf.,Could you reach that high shelf for me?,NGSL
46,4,tale,noun,이야기,My mother told us a tale every night.,Do you know this old tale?,NGSL
46,4,bin,noun,쓰레기통,"Throw the paper in the bin, please.",Is the bin under the desk full?,NGSL
46,4,craft,noun,공예,The children learned a new craft at camp.,Making pots is an old craft here.,NGSL
46,4,shell,noun,껍데기,We found a pretty shell on the beach.,This nut has a very hard shell.,NGSL
46,5,jail,noun,감옥,He spent two years in jail.,The old jail is now a museum.,NGSL
46,5,shelter,noun,피난처,We found shelter from the rain.,The city built a shelter for animals.,NGSL
46,5,pipe,noun,파이프,The water pipe broke last night.,Is that pipe made of iron?,NGSL
46,5,magic,noun,마법,The kids believe in magic.,She did magic tricks at the party.,NGSL
46,5,whisper,verb,속삭이다,She whispered something in his ear.,Why are you whispering?,NGSL
46,6,rear,adjective,뒤쪽의,Please use the rear door.,The kids sat in the rear seat.,NGSL
46,6,airline,noun,항공사,Which airline are you flying with?,The airline canceled our flight.,NGSL
46,6,bunch,noun,다발,She gave me a bunch of flowers.,He held a bunch of keys.,NGSL
46,6,greet,verb,인사하다,She greeted us with a warm smile.,Did he greet you at the door?,NGSL
46,6,trick,noun,속임수,He used a trick to win the game.,Was that a trick or a mistake?,NGSL
46,7,paragraph,noun,문단,Read the first paragraph out loud.,How many paragraphs does the essay have?,NGSL
46,7,pro,noun,전문가,He plays golf like a pro.,Is she a pro at tennis?,NGSL
46,7,nowhere,adverb,아무 데도,There was nowhere to sit.,We have nowhere to go tonight.,NGSL
46,7,pray,verb,기도하다,She prays every morning.,Did you pray for good weather?,NGSL
46,7,servant,noun,하인,The servant opened the door for us.,Did the king have many servants?,NGSL
47,1,catalog,noun,상품 목록,She picked a dress from the catalog.,Do you have a new catalog?,NGSL
47,1,stamp,noun,우표,I need a stamp for this letter.,Do you collect old stamps?,NGSL
47,1,envelope,noun,봉투,She put the letter in an envelope.,Do you have a large envelope?,NGSL
47,1,weekly,adjective,매주의,We have a weekly team meeting.,Do you read the weekly magazine?,NGSL
47,1,adventure,noun,모험,The trip was a real adventure.,Are you ready for a new adventure?,NGSL
47,2,fence,noun,울타리,The dog jumped over the fence.,Should we paint the fence white?,NGSL
47,2,quietly,adverb,조용히,Please close the door quietly.,The children sat quietly and read.,NGSL
47,2,nerve,noun,신경,The doctor checked the nerves in my arm.,Does the pain come from a nerve?,NGSL
47,2,hurry,verb,서두르다,"Hurry, or we will miss the bus!",Why are you hurrying so much today?,NGSL
47,2,raw,adjective,날것의,Do not eat raw chicken.,Some people enjoy raw fish.,NGSL
47,3,hook,noun,갈고리,Hang your coat on the hook.,The fish bit the hook quickly.,NGSL
47,3,liquid,noun,액체,Water is a liquid at room temperature.,Keep liquids away from the computer.,NGSL
47,3,slope,noun,비탈,The children ran down the slope.,Is this slope safe for skiing?,NGSL
47,3,vessel,noun,선박,The vessel left the harbor this morning.,How many vessels are in the port?,NGSL
47,3,silly,adjective,바보 같은,That was a silly mistake.,Why are you being so silly?,NGSL
47,4,harbor,noun,항구,The boats returned to the harbor.,Is the harbor far from here?,NGSL
47,4,comedy,noun,코미디,We watched a comedy last night.,Do you prefer comedy or drama?,NGSL
47,4,chase,verb,뒤쫓다,The dog chased the cat up a tree.,Why is he chasing the bus?,NGSL
47,4,lover,noun,연인,The story is about two young lovers.,Were they lovers in the film?,NGSL
47,4,portrait,noun,초상화,She painted a portrait of her mother.,Is this portrait very old?,NGSL
47,5,filter,noun,필터,Change the water filter every month.,Does this camera have a filter?,NGSL
47,5,stranger,noun,낯선 사람,A stranger asked me the way.,Why did you talk to a stranger?,NGSL
47,5,shade,noun,그늘,Let's sit in the shade for a while.,Is there any shade near the beach?,NGSL
47,5,grain,noun,곡물,Rice is a grain that many people eat.,Do birds eat grain in winter?,NGSL
47,5,leap,verb,뛰어오르다,The cat leaped onto the table.,Can you leap over that small wall?,NGSL
47,6,snap,verb,뚝 부러지다,The dry branch snapped in the wind.,Did the stick snap in half?,NGSL
47,6,leather,noun,가죽,He bought a brown leather jacket.,Are these shoes made of leather?,NGSL
47,6,shore,noun,해안,We walked along the shore this morning.,Can you see the boats near the shore?,NGSL
47,6,monthly,adjective,매달의,We have a monthly meeting at work.,How much is the monthly rent?,NGSL
47,6,stir,verb,젓다,Stir the mixture until it is smooth.,Did you stir the rice while cooking?,NGSL
47,7,sigh,verb,한숨 쉬다,She sighed and closed the book.,Why did you sigh just now?,NGSL
47,7,wander,verb,돌아다니다,The cat wanders around the garden.,Did you wander far from home?,NGSL
47,7,gentle,adjective,부드러운,She has a gentle voice.,Be gentle with the baby.,NGSL
47,7,pale,adjective,창백한,You look pale today.,Her face turned pale with fear.,NGSL
47,7,stain,noun,얼룩,There is a stain on my shirt.,How do I remove this coffee stain?,NGSL
48,1,athlete,noun,운동선수,The athlete trains every morning.,Do you want to be an athlete?,NGSL
48,1,website,noun,웹사이트,I found the answer on their website.,Does your company have a website?,NGSL
48,1,fool,noun,바보,Don't be a fool with your money.,He felt like a fool after that.,NGSL
48,1,gently,adverb,부드럽게,She gently closed the door.,Please brush your hair gently.,NGSL
48,1,weird,adjective,이상한,That was a weird dream.,Why is he acting so weird?,NGSL
48,2,darkness,noun,어둠,Cats can see well in darkness.,We walked home in total darkness.,NGSL
48,2,tournament,noun,토너먼트,Our team won the tennis tournament.,When does the golf tournament begin?,NGSL
48,2,fragment,noun,조각,A fragment of glass cut my finger.,She found fragments of an old plate.,NGSL
48,2,listener,noun,듣는 사람,My mother is a good listener.,Many listeners called the radio show.,NGSL
48,2,tender,adjective,연한,The meat was tender and tasty.,Is the chicken tender enough to eat?,NGSL
48,3,cheek,noun,볼,She kissed her son on the cheek.,His cheeks turned red from the cold.,NGSL
48,3,grin,verb,활짝 웃다,He grinned when he saw the cake.,Why are you grinning at me?,NGSL
48,3,alright,adjective,괜찮은,Are you alright after the fall?,"The movie was alright, not great.",NGSL
48,3,lazy,adjective,게으른,My brother is too lazy to cook.,Don't be lazy and clean your room!,NGSL
48,3,hunger,noun,배고픔,Hunger made the children cry.,Many people in the world suffer from hunger.,NGSL
48,4,blog,noun,블로그,I write a blog about cooking.,Her blog has many readers.,NGSL
48,4,thirst,noun,목마름,The cold water took away my thirst.,Does hot weather increase your thirst?,NGSL
48,4,graph,noun,그래프,The graph shows sales over five years.,Can you draw a graph of the data?,NAWL
48,4,pathway,noun,경로,Which pathway leads to the river?,This pathway takes you to the beach.,NAWL
48,4,beam,noun,빛줄기,A beam of light came through the window.,Did you see that bright beam of light?,NAWL
48,5,pulse,noun,맥박,The nurse checked my pulse first.,Is your pulse fast after running?,NAWL
48,5,cone,noun,원뿔,A cone has a circle at the bottom.,Did you draw the cone correctly?,NAWL
48,5,sphere,noun,구체,The earth is almost a perfect sphere.,A ball is shaped like a sphere.,NAWL
48,5,diagram,noun,도표,The teacher drew a diagram on the board.,Can you explain this diagram to me?,NAWL
48,5,tropical,adjective,열대의,Tropical fruit tastes sweet and fresh.,Do you like tropical weather?,NAWL
48,6,organ,noun,신체 기관,The heart is an important organ.,Which organ cleans the blood?,NAWL
48,6,outer,adjective,바깥쪽의,The outer wall is made of stone.,Is the outer layer very thick?,NAWL
48,6,partition,noun,칸막이,A partition divides the office into two.,Can we put a partition here?,NAWL
48,6,injection,noun,주사,The nurse gave the baby an injection.,Did the injection hurt much?,NAWL
48,6,composer,noun,작곡가,He is a famous composer of film music.,Which composer wrote this piece?,NAWL
48,7,oxygen,noun,산소,Plants produce oxygen during the day.,Do fish need oxygen to live?,NAWL
48,7,loop,noun,고리,The road forms a loop around the lake.,Tie the rope in a loop.,NAWL
48,7,terminal,noun,터미널,The bus leaves from terminal two.,Which terminal does your flight leave from?,NAWL
48,7,harvest,noun,수확,The harvest was good this year.,Farmers celebrate after the harvest.,NAWL
48,7,cattle,noun,소,The farmer keeps cattle on the hill.,Cattle need plenty of water.,NAWL
49,1,scatter,verb,흩뿌리다,The wind scattered the leaves.,Don't scatter your toys on the floor.,NAWL
49,1,insert,verb,끼워 넣다,Please insert the card into the machine.,Where should I insert this sentence?,NAWL
49,1,lung,noun,폐,Smoking damages your lungs.,Does the patient have a lung problem?,NAWL
49,1,thickness,noun,두께,Measure the thickness of the wood.,What is the thickness of this glass?,NAWL
49,1,liver,noun,간,Alcohol can damage your liver.,Is the liver on the right side?,NAWL
49,2,valve,noun,밸브,The valve controls the flow of water.,Did you close the gas valve?,NAWL
49,2,vein,noun,정맥,The nurse found a vein in my arm.,Blood returns to the heart through veins.,NAWL
49,2,wheat,noun,밀,Farmers grow wheat in this region.,Is this bread made from wheat?,NAWL
49,2,rewrite,verb,다시 쓰다,Please rewrite the first paragraph.,Did you rewrite your essay yesterday?,NAWL
49,2,manual,noun,설명서,Read the manual before using the machine.,Where is the manual for this printer?,NAWL
49,3,sketch,noun,스케치,She drew a quick sketch of the house.,Is this sketch your first design?,NAWL
49,3,strand,noun,가닥,She found a strand of hair.,Each strand of the rope is strong.,NAWL
49,3,workshop,noun,워크숍,We attended a writing workshop last weekend.,Is the workshop open to everyone?,NAWL
49,3,cylinder,noun,원통,The engine has four cylinders.,Is that box shaped like a cylinder?,NAWL
49,3,crystal,noun,결정체,Salt forms small white crystals.,Do you see the crystal in the rock?,NAWL
49,4,stack,noun,더미,A stack of papers sat on the desk.,Can you move that stack of plates?,NAWL
49,4,drift,verb,표류하다,The boat drifted slowly down the river.,Did the clouds drift toward the mountains?,NAWL
49,4,fossil,noun,화석,They found a fossil in the rock.,How old is this fossil?,NAWL
49,4,ray,noun,광선,A ray of light came through the window.,Can the sun's rays hurt your skin?,NAWL
49,4,clinic,noun,진료소,I went to the clinic this morning.,Is the clinic open on weekends?,NAWL
49,5,backward,adverb,뒤로,He took a step backward.,Can you walk backward without falling?,NAWL
49,5,rainfall,noun,강우량,The rainfall was heavy this summer.,How much rainfall does this area get?,NAWL
49,5,bundle,noun,묶음,She carried a bundle of old letters.,Can you tie the sticks into a bundle?,NAWL
49,5,cord,noun,끈,She tied the bag with a cord.,Can you cut this cord for me?,NAWL
49,5,horizon,noun,지평선,The sun rose above the horizon.,Can you see the ship on the horizon?,NAWL
49,6,rotate,verb,회전하다,The earth rotates once a day.,Can you rotate the picture to the left?,NAWL
49,6,pole,noun,막대기,The flag hangs on a tall pole.,Can you hold this pole for me?,NAWL
49,6,upward,adverb,위쪽으로,The bird flew upward into the sky.,Prices are moving upward this year.,NAWL
49,6,continent,noun,대륙,Which continent is the largest?,People live on every continent except one.,NAWL
49,6,limb,noun,팔다리,He broke a limb in the accident.,Stretch your limbs before you run.,NAWL
49,7,pest,noun,해충,Pests damaged the crops this summer.,How do farmers control pests?,NAWL
49,7,mechanic,noun,정비사,The mechanic fixed my car quickly.,Is your uncle a mechanic?,NAWL
49,7,fever,noun,열,The child had a high fever last night.,Do you still have a fever?,NAWL
49,7,kidney,noun,콩팥,The kidneys clean the blood in our body.,Can a person live with one kidney?,NAWL
49,7,shallow,adjective,얕은,The water here is very shallow.,Is the river shallow enough to walk across?,NAWL
50,1,ton,noun,톤,The truck carries two tons of sand.,How many tons does the ship weigh?,NAWL
50,1,elastic,adjective,탄력 있는,This band is very elastic.,Elastic material returns to its shape.,NAWL
50,1,machinery,noun,기계류,The factory bought new machinery.,Heavy machinery moved the rocks away.,NAWL
50,1,vitamin,noun,비타민,Fruit has many vitamins.,Which vitamin helps your bones grow?,NAWL
50,1,prey,noun,먹이,The cat watched its prey quietly.,Small birds are prey for cats.,NAWL
50,2,alien,noun,외계인,The movie is about aliens from space.,Do you believe aliens exist?,NAWL
50,2,thread,noun,실,She needs red thread for the shirt.,Do you have any thread at home?,NAWL
50,2,clay,noun,점토,The kids made cups from clay.,Is this bowl made of clay?,NAWL
50,2,dye,verb,염색하다,She dyed her hair red last week.,Can you dye this white shirt blue?,NAWL
50,2,tribe,noun,부족,The tribe lived near the river.,How many tribes live on the island?,NAWL
50,3,damp,adjective,축축한,My shirt is still damp from the rain.,Why is the floor damp this morning?,NAWL
50,3,hip,noun,엉덩이,He hurt his hip when he fell.,Put your hands on your hips.,NAWL
50,3,plantation,noun,대농장,The tea plantation covers many hills.,My uncle works on a coffee plantation.,NAWL
50,3,fabric,noun,천,This fabric feels soft and warm.,Which fabric should we use for curtains?,NAWL
50,3,container,noun,용기,Put the rice in a plastic container.,Is this container safe for hot food?,NAWL
50,4,fungus,noun,곰팡이,A fungus grew on the old bread.,Can this fungus make people sick?,NAWL
50,4,reservoir,noun,저수지,The reservoir supplies water to the city.,Is the reservoir full after the rain?,NAWL
50,4,urine,noun,소변,The doctor tested a sample of urine.,Urine tests can show signs of disease.,NAWL
50,4,afterward,adverb,그 후에,We had dinner and went home afterward.,"Afterward, everyone thanked the speaker.",NAWL
50,4,jazz,noun,재즈,My father loves listening to jazz.,Does this club play jazz on weekends?,NAWL
50,5,yeast,noun,효모,Bread rises because of the yeast.,Add a little yeast to the warm water.,NAWL
50,5,bleed,verb,피가 나다,My finger bled after the small cut.,Is your nose still bleeding?,NAWL
50,5,overhead,adverb,머리 위로,A plane flew overhead during the game.,Dark clouds gathered overhead before the storm.,NAWL
50,5,slot,noun,좁은 구멍,Put the coin in the slot.,The card fits into this slot.,NAWL
50,5,drain,verb,물을 빼다,Drain the water from the pot.,The sink drains slowly now.,NAWL
50,6,outlet,noun,콘센트,Is there an outlet near the desk?,I need an outlet for my computer.,NAWL
50,6,interviewer,noun,면접관,The interviewer asked about my experience.,She smiled at the interviewer.,NAWL
50,6,planner,noun,일정 수첩,I wrote the meeting in my planner.,Her planner is full of notes.,NAWL
50,6,gut,noun,창자,He felt a pain in his gut.,Healthy food keeps your gut strong.,NAWL
50,6,swell,verb,붓다,His knee swelled after the game.,My foot is swollen and hurts.,NAWL
50,7,emperor,noun,황제,The emperor ruled for many years.,The old emperor lived in a castle.,NAWL
50,7,blank,adjective,빈,Leave the last line blank.,She stared at the blank page.,NAWL
50,7,weave,verb,천을 짜다,She weaves beautiful carpets by hand.,Birds weave grass into their nests.,NAWL
50,7,painful,adjective,고통스러운,My tooth is very painful today.,Is your knee still painful?,NAWL
50,7,lab,noun,과학 실험실,The students did an experiment in the lab.,Is the science lab open today?,NAWL
51,1,minus,preposition,~빼기,Ten minus three is seven.,What is twenty minus five?,NAWL
51,1,audio,noun,오디오,The audio on this video is too quiet.,Can you turn up the audio?,NAWL
51,1,difficulty,noun,어려움,She had difficulty reading the small words.,Did you have any difficulty finding the house?,NGSL
51,1,purchase,verb,구입하다,We want to purchase a new car.,Where did you purchase this beautiful table?,NGSL
51,1,announce,verb,발표하다,They will announce the results tomorrow.,When did the company announce the new phone?,NGSL
51,2,unless,conjunction,~하지 않으면,I will not go unless you come.,"Unless it is cold, we will walk.",NGSL
51,2,independent,adjective,독립적인,She is very independent for her age.,Do you want to be more independent?,NGSL
51,2,recommend,verb,추천하다,Can you recommend a good restaurant near here?,My teacher recommended this book to me.,NGSL
51,2,survey,noun,설문 조사,Please fill in this short survey.,How many people answered the survey?,NGSL
51,2,majority,noun,대다수,The majority of students liked the movie.,Did the majority vote for the plan?,NGSL
51,3,request,noun,요청,We received your request this morning.,Can I make a small request?,NGSL
51,3,exchange,noun,교환,The store allows an exchange within one week.,We had a good exchange of ideas.,NGSL
51,3,budget,noun,예산,We have a small budget for food.,What is your budget for the trip?,NGSL
51,3,scene,noun,장면,I love the first scene of the movie.,Which scene did you like most?,NGSL
51,3,content,noun,내용,The content of the book is very useful.,What is the content of this message?,NGSL
51,4,prevent,verb,막다,Clean hands prevent many diseases.,How can we prevent this problem?,NGSL
51,4,effective,adjective,효과적인,This is an effective way to learn.,Was the new plan effective?,NGSL
51,4,correct,adjective,올바른,Is this the correct answer?,All your answers were correct.,NGSL
51,4,medical,adjective,의료의,She needs medical care right now.,Do you have any medical problems?,NGSL
51,4,admit,verb,인정하다,I admit that I was late.,Will you admit you were wrong?,NGSL
51,5,aware,adjective,알고 있는,Are you aware of the problem?,She was not aware of the change.,NGSL
51,5,advice,noun,조언,Thank you for your good advice.,Can you give me some advice?,NGSL
51,5,handle,verb,다루다,She can handle the problem herself.,How do you handle difficult customers?,NGSL
51,5,stress,noun,스트레스,Too much work causes a lot of stress.,How do you deal with stress?,NGSL
51,5,complex,adjective,복잡한,This is a very complex problem.,Why is the system so complex?,NGSL
51,6,directly,adverb,직접,Please talk to her directly.,Does this bus go directly to the city?,NGSL
51,6,remove,verb,제거하다,Please remove your shoes at the door.,Can you remove this from the list?,NGSL
51,6,equipment,noun,장비,We need new equipment for the office.,Is all the equipment ready?,NGSL
51,6,otherwise,adverb,그렇지 않으면,"Leave now, otherwise you will be late.",I was sick; otherwise I would have come.,NGSL
51,6,connection,noun,연결,The phone connection is bad here.,Do we have a good connection now?,NGSL
51,7,highly,adverb,대단히,She is a highly successful writer.,My friends highly recommend this restaurant.,NGSL
51,7,trust,verb,신뢰하다,I trust my best friend completely.,Do you trust this new doctor?,NGSL
51,7,absolutely,adverb,전적으로,You are absolutely right about that.,Are you absolutely sure about the time?,NGSL
51,7,fair,adjective,공정한,The judge made a fair decision.,Is it fair to leave him behind?,NGSL
51,7,additional,adjective,추가의,We need additional time to finish.,Is there an additional cost for this?,NGSL
52,1,responsible,adjective,책임이 있는,Parents are responsible for their children.,Who is responsible for this project?,NGSL
52,1,collection,noun,수집품,He has a large collection of old books.,Can I see your collection of cards?,NGSL
52,1,negative,adjective,부정적인,Try not to be so negative.,Why is he negative about everything?,NGSL
52,1,attitude,noun,태도,She has a positive attitude toward work.,Why has his attitude changed so much?,NGSL
52,1,progress,noun,진전,We made good progress today.,How is your progress on the project?,NGSL
52,2,truth,noun,진실,Please tell me the truth.,The truth is not always easy to hear.,NGSL
52,2,examine,verb,자세히 살펴보다,The doctor examined my arm carefully.,Did you examine the report closely?,NGSL
52,2,politics,noun,정치,We never talk about politics at dinner.,Is she interested in politics?,NGSL
52,2,display,verb,전시하다,The shop displays new clothes in the window.,Are her pictures displayed at the school?,NGSL
52,2,transfer,verb,옮기다,She transferred to a new school last year.,Can you transfer the files to my computer?,NGSL
52,3,slightly,adverb,약간,The room is slightly cold today.,Was she slightly late for class?,NGSL
52,3,overall,adjective,전반적인,The overall cost was quite low.,What was your overall score?,NGSL
52,3,intend,verb,~하려고 하다,I intend to finish the book tonight.,What do you intend to do next?,NGSL
52,3,user,noun,사용자,The program has many new users.,Are you a regular user of this site?,NGSL
52,3,respond,verb,응답하다,He didn't respond to my letter.,How did the students respond to the news?,NGSL
52,4,regular,adjective,규칙적인,Regular exercise is good for your health.,Do you have regular meetings at work?,NGSL
52,4,physical,adjective,신체의,Children need a lot of physical activity.,Is the job hard physical work?,NGSL
52,4,apart,adverb,떨어져,They live far apart from each other.,"Keep the two dogs apart, please.",NGSL
52,4,percentage,noun,백분율,What percentage of students passed the test?,A high percentage of people agreed.,NGSL
52,4,peace,noun,평화,Everyone hopes for peace in the world.,I need some peace after a long day.,NGSL
52,5,crime,noun,범죄,Crime in the city has dropped.,Is it a crime to park here?,NGSL
52,5,decade,noun,10년,He lived here for a decade.,How much has changed in a decade?,NGSL
52,5,launch,verb,출시하다,The company launched a new phone today.,When will they launch the new program?,NGSL
52,5,warn,verb,경고하다,She warned me about the cold weather.,Did anyone warn you about the test?,NGSL
52,5,favor,noun,부탁,Can you do me a favor?,She asked her friend for a favor.,NGSL
52,6,partner,noun,파트너,My business partner works very hard.,Do you have a partner for this game?,NGSL
52,6,eventually,adverb,결국,She eventually found her keys.,"Eventually, everyone went home.",NGSL
52,6,excite,verb,흥분시키다,The big game excited everyone.,Does this news excite you?,NGSL
52,6,importance,noun,중요성,He knows the importance of sleep.,What is the importance of this rule?,NGSL
52,6,distance,noun,거리,The distance to school is short.,What is the distance between them?,NGSL
52,7,mistake,noun,실수,Everyone makes mistakes sometimes.,Was that a big mistake?,NGSL
52,7,satisfy,verb,만족시키다,The answer satisfied the teacher.,Did the result satisfy you?,NGSL
52,7,chief,noun,우두머리,The chief called a meeting today.,Who is the chief of this village?,NGSL
52,7,expert,noun,전문가,She is an expert in music.,Should we ask an expert?,NGSL
52,7,labor,noun,노동,Farm labor is hard work.,How much does labor cost here?,NGSL
53,1,audience,noun,관객,The audience loved the show.,How big was the audience?,NGSL
53,1,global,adjective,전 세계적인,This is a global company.,Global trade is growing fast.,NGSL
53,1,struggle,verb,힘겹게 애쓰다,He struggled to open the door.,Why are you struggling with this?,NGSL
53,1,advertise,verb,광고하다,They advertise on television every day.,Do you advertise your shop in the newspaper?,NGSL
53,1,select,verb,고르다,Please select one answer.,She selected a red dress.,NGSL
53,2,annual,adjective,매년의,The annual meeting is next week.,How much is your annual income?,NGSL
53,2,fully,adverb,완전히,I fully understand your problem.,Is the room fully ready now?,NGSL
53,2,reality,noun,현실,You must face reality now.,Reality is often different from dreams.,NGSL
53,2,conflict,noun,갈등,There is a conflict between the two teams.,How did the conflict start?,NGSL
53,2,entire,adjective,전체의,I read the entire book yesterday.,The entire family came to dinner.,NGSL
53,3,shift,verb,옮기다,She shifted her bag to the other arm.,Can you shift the chair a little?,NGSL
53,3,defense,noun,방어,The team has a strong defense.,Good defense wins games.,NGSL
53,3,spread,verb,퍼지다,The story spread quickly through the town.,How did the news spread so fast?,NGSL
53,3,introduction,noun,소개,The book has a short introduction.,Can you write an introduction for us?,NGSL
53,3,confirm,verb,확인하다,Please confirm your seat by phone.,Did the doctor confirm the date?,NGSL
53,4,senior,adjective,직급이 높은,She is a senior manager here.,Do senior staff get more holidays?,NGSL
53,4,refuse,verb,거절하다,He refused to eat his dinner.,Why did she refuse the offer?,NGSL
53,4,transport,noun,교통수단,The city needs better public transport.,Is transport expensive in your town?,NGSL
53,4,neither,determiner,둘 다 아닌,Neither answer was correct.,I have read neither book yet.,NGSL
53,4,survive,verb,살아남다,The old tree survived the cold weather.,How did they survive without water?,NGSL
53,5,solve,verb,해결하다,We need to solve this problem together.,Who solved the problem first?,NGSL
53,5,background,noun,배경,The picture has a blue background.,What is the background of this story?,NGSL
53,5,improvement,noun,개선,There has been a big improvement.,Did you see any improvement in his work?,NGSL
53,5,reaction,noun,반응,What was her reaction to the news?,His first reaction was to laugh.,NGSL
53,5,mass,noun,덩어리,A large mass of rock fell down.,The dark clouds became one huge mass.,NGSL
53,6,failure,noun,실패,Failure is part of learning.,Was the plan a failure?,NGSL
53,6,schedule,noun,일정,My schedule is full this week.,Can you check the schedule for me?,NGSL
53,6,combine,verb,합치다,Combine the two lists into one.,Can we combine our ideas?,NGSL
53,6,waste,verb,낭비하다,Don't waste your money on that.,Why do we waste so much food?,NGSL
53,6,marriage,noun,결혼,Their marriage lasted forty years.,Is marriage important to you?,NGSL
53,7,colleague,noun,직장 동료,My colleague helped me finish the report.,Are you meeting your colleagues after work?,NGSL
53,7,equal,adjective,동등한,Everyone should have equal rights.,Are the two parts equal in size?,NGSL
53,7,expression,noun,표현,That is a very common expression.,Art is a form of expression.,NGSL
53,7,extremely,adverb,극도로,The test was extremely difficult.,It is extremely hot today.,NGSL
53,7,duty,noun,의무,It is my duty to help them.,Every parent has a duty to their children.,NGSL
54,1,strength,noun,힘,He has the strength to lift it.,Her strength surprised everyone.,NGSL
54,1,cultural,adjective,문화적인,We enjoyed many cultural events there.,Are there cultural differences between the countries?,NGSL
54,1,arrange,verb,마련하다,I will arrange a meeting for tomorrow.,Can you arrange a taxi for us?,NGSL
54,1,payment,noun,지불,The first payment is due next week.,Did you receive my payment?,NGSL
54,1,unfortunately,adverb,안타깝게도,"Unfortunately, the shop was closed.","We missed the train, unfortunately.",NGSL
54,2,brief,adjective,짧은,We had a brief meeting this morning.,"Keep your answer brief, please.",NGSL
54,2,appreciate,verb,고마워하다,I really appreciate your help.,We appreciate everything you did for us.,NGSL
54,2,trend,noun,유행,Short hair is the trend this year.,What is the latest trend in music?,NGSL
54,2,initial,adjective,처음의,My initial idea was very simple.,What was your initial reaction to the news?,NGSL
54,2,pleasure,noun,즐거움,It was a pleasure to meet you.,Reading gives me great pleasure.,NGSL
54,3,suggestion,noun,제안,Thank you for the suggestion.,Do you have any suggestions for dinner?,NGSL
54,3,desire,noun,욕구,She had a strong desire to travel.,His desire for success kept him going.,NGSL
54,3,currently,adverb,현재,She is currently working in another city.,Are you currently looking for a job?,NGSL
54,3,topic,noun,주제,What is the topic of your paper?,Let's talk about a different topic.,NGSL
54,3,attract,verb,끌어들이다,The park attracts many visitors every summer.,What attracted you to this job?,NGSL
54,4,settle,verb,정착하다,They settled in a small town.,Where did your family finally settle?,NGSL
54,4,delay,noun,지연,There was a long delay at the station.,Why is there a delay again?,NGSL
54,4,safety,noun,안전,Safety comes first at work.,Do you worry about your child's safety?,NGSL
54,4,insurance,noun,보험,Do you have car insurance?,Health insurance costs a lot here.,NGSL
54,4,obvious,adjective,분명한,The answer was obvious to everyone.,Isn't it obvious that she is happy?,NGSL
54,5,host,verb,주최하다,Our city will host the games next year.,Who is hosting the party this weekend?,NGSL
54,5,district,noun,구역,This district has many old houses.,Which district do you live in?,NGSL
54,5,spirit,noun,정신,The team played with great spirit.,Her spirit stayed strong after the loss.,NGSL
54,5,actual,adjective,실제의,The actual cost was much higher.,What was the actual reason for the delay?,NGSL
54,5,tradition,noun,전통,Eating together is a family tradition.,Do you follow any old traditions?,NGSL
54,6,hardly,adverb,거의 ~않다,I could hardly hear her voice.,We hardly know our new neighbors.,NGSL
54,6,experiment,noun,실험,We did a science experiment at school.,Did the experiment work well?,NGSL
54,6,possibly,adverb,아마도,It could possibly rain this afternoon.,She is possibly the best singer here.,NGSL
54,6,threat,noun,위협,Smoking is a threat to your health.,Is this animal a threat to people?,NGSL
54,6,impossible,adjective,불가능한,It is impossible to finish today.,Is it impossible to change the date?,NGSL
54,7,active,adjective,활동적인,My father is still very active.,Are you active in any school clubs?,NGSL
54,7,religious,adjective,종교적인,My parents are very religious people.,Is this a religious holiday in your country?,NGSL
54,7,convince,verb,설득하다,I convinced my friend to come.,How did you convince him to sell?,NGSL
54,7,vary,verb,달라지다,Prices vary from store to store.,Does the weather vary much here?,NGSL
54,7,volume,noun,음량,Please turn the volume down a bit.,Can you turn up the volume?,NGSL
55,1,location,noun,위치,The hotel is in a great location.,Can you send me your location?,NGSL
55,1,sum,noun,합계,What is the sum of these numbers?,Add them up and check the sum.,NGSL
55,1,murder,noun,살인,The novel is a murder mystery.,"In the film, the police solve a murder.",NGSL
55,1,monitor,verb,감시하다,The nurse monitored the patient all night.,Do you monitor how much you spend?,NGSL
55,1,shock,noun,충격,The news was a big shock.,Was his answer a shock to you?,NGSL
55,2,usual,adjective,평소의,I took my usual seat by the window.,Is this your usual coffee?,NGSL
55,2,recall,verb,기억해 내다,I can't recall his name.,Do you recall our first meeting?,NGSL
55,2,cycle,noun,순환,Water moves in a natural cycle.,Does the cycle repeat every year?,NGSL
55,2,totally,adverb,완전히,I totally agree with you.,Are you totally sure about that?,NGSL
55,2,freedom,noun,자유,Kids need some freedom to play.,Does money give you more freedom?,NGSL
55,3,construction,noun,건설,The road is under construction.,When did construction of the hotel begin?,NGSL
55,3,dear,adjective,소중한,She is a very dear friend.,Is he a dear friend to you?,NGSL
55,3,historical,adjective,역사적인,This is a historical building.,Do you enjoy historical films?,NGSL
55,3,route,noun,경로,This is the fastest route home.,Which route did you take?,NGSL
55,3,belong,verb,속하다,This bag belongs to my sister.,Do these keys belong to you?,NGSL
55,4,decrease,verb,줄어들다,Sales decreased last month.,Will the price decrease soon?,NGSL
55,4,editor,noun,편집자,She is the editor of a magazine.,The editor changed my title.,NGSL
55,4,normally,adverb,평소에,I normally get up at seven.,Do you normally walk to work?,NGSL
55,4,sight,noun,시력,My father is slowly losing his sight.,His sight got worse with age.,NGSL
55,4,deny,verb,부인하다,He denied taking the money.,Why do you deny it?,NGSL
55,5,basically,adverb,기본적으로,"Basically, the plan is simple.",We are basically ready to go.,NGSL
55,5,violence,noun,폭력,Our school has a rule against violence.,The teacher said violence solves nothing.,NGSL
55,5,mainly,adverb,주로,I mainly work from home.,The shop sells mainly old books.,NGSL
55,5,manner,noun,방식,She spoke in a quiet manner.,Do it in the usual manner.,NGSL
55,5,occasion,noun,특별한 날,We drink wine only on special occasions.,What is the occasion for the party?,NGSL
55,6,familiar,adjective,익숙한,Her face looks familiar to me.,Are you familiar with this software?,NGSL
55,6,ignore,verb,무시하다,Please ignore the noise outside.,Why did you ignore my message?,NGSL
55,6,locate,verb,위치를 찾다,Can you locate the nearest hospital?,We located the lost dog quickly.,NGSL
55,6,citizen,noun,시민,Every citizen has the right to vote.,Are you a citizen of this country?,NGSL
55,6,belief,noun,믿음,Her belief in him never changed.,What is your belief about this?,NGSL
55,7,troop,noun,병력,The troops returned home last week.,How many troops were sent there?,NGSL
55,7,technical,adjective,기술적인,We had a technical problem with the computer.,Is this a technical question?,NGSL
55,7,remind,verb,생각나게 하다,Please remind me to call my mother.,This song reminds me of summer.,NGSL
55,7,arrangement,noun,준비,We made arrangements for the trip.,Who made the arrangements for dinner?,NGSL
55,7,fairly,adverb,꽤,The test was fairly easy.,"It is fairly cold today, isn't it?",NGSL
56,1,participate,verb,참여하다,Everyone can participate in the game.,Did you participate in the discussion?,NGSL
56,1,tough,adjective,힘든,It was a tough decision to make.,Was the test tough for you?,NGSL
56,1,fee,noun,요금,The fee for the class is fifty dollars.,Is there a fee to enter the park?,NGSL
56,1,proper,adjective,적절한,You need the proper tools for this job.,Is this the proper way to do it?,NGSL
56,1,afford,verb,살 여유가 있다,I can't afford a new car.,Can we afford this house?,NGSL
56,2,description,noun,설명,Give me a description of the house.,Her description of the man was clear.,NGSL
56,2,confidence,noun,자신감,She speaks with great confidence.,How can I build confidence?,NGSL
56,2,complain,verb,불평하다,He always complains about the food.,Why do you complain so much?,NGSL
56,2,error,noun,오류,I found an error in the report.,Was it a computer error?,NGSL
56,2,arrest,verb,체포하다,The police arrested the driver.,Why was he arrested last night?,NGSL
56,3,register,verb,등록하다,Did you register for the course?,You must register by next week.,NGSL
56,3,signal,noun,신호,The phone signal is bad here.,Did you see the traffic signal?,NGSL
56,3,explore,verb,탐험하다,We explored the island by boat.,Do you want to explore the city?,NGSL
56,3,leadership,noun,리더십,The team needs strong leadership.,Her leadership helped the company grow.,NGSL
56,3,hire,verb,고용하다,The company hired ten new workers.,Did they hire you?,NGSL
56,4,literature,noun,문학,She studies literature at university.,Do you enjoy reading literature?,NGSL
56,4,victim,noun,피해자,The victim was taken to the hospital.,Police talked to the victim yesterday.,NGSL
56,4,threaten,verb,위협하다,Did anyone threaten you?,He threatened to call the police.,NGSL
56,4,secure,adjective,안전한,Is your home secure at night?,Keep your money in a secure place.,NGSL
56,4,amaze,verb,놀라게 하다,Your work amazes me every time.,The city lights amazed the children.,NGSL
56,5,device,noun,장치,Turn off your device before the test.,What device do you use to read?,NGSL
56,5,expense,noun,비용,Travel is a big expense for us.,We must cut our expenses this year.,NGSL
56,5,recommendation,noun,추천,Thank you for your recommendation.,Can you give me a hotel recommendation?,NGSL
56,5,rank,noun,순위,Our team's rank went up this week.,What is your rank in the class?,NGSL
56,5,typical,adjective,전형적인,This is a typical family dinner.,What does a typical day look like?,NGSL
56,6,resident,noun,주민,Residents of the town met last night.,Are you a resident of this city?,NGSL
56,6,concentrate,verb,집중하다,I cannot concentrate with this noise.,Please concentrate on your work now.,NGSL
56,6,plenty,pronoun,충분한 양,We have plenty of time today.,Is there plenty of food for everyone?,NGSL
56,6,entirely,adverb,완전히,I entirely agree with you.,The house is entirely made of wood.,NGSL
56,6,strongly,adverb,강하게,I strongly believe she is right.,Do you feel strongly about this?,NGSL
56,7,graduate,verb,졸업하다,My sister graduated from college last year.,When will you graduate from school?,NGSL
56,7,brand,noun,브랜드,Which brand of phone do you use?,This brand makes good shoes.,NGSL
56,7,insist,verb,고집하다,She insisted on paying for dinner.,Why do you insist on walking?,NGSL
56,7,combination,noun,조합,Red and white is a nice combination.,What combination of colors do you like?,NGSL
56,7,master,noun,달인,He is a master of the game.,A true master makes it look easy.,NGSL
57,1,definitely,adverb,확실히,I will definitely come to your party.,Is this definitely the right road?,NGSL
57,1,session,noun,진행 시간,The training session starts at nine.,Did you enjoy the morning session?,NGSL
57,1,grade,noun,성적,She got a good grade in science.,What grade did you get on the test?,NGSL
57,1,predict,verb,예측하다,Nobody can predict the weather next week.,Can you predict who will win?,NGSL
57,1,previously,adverb,이전에,She previously worked at a bank.,Had you previously visited this city?,NGSL
57,2,protection,noun,보호,This wall gives good protection from wind.,Children need protection from the hot sun.,NGSL
57,2,wed,verb,결혼하다,They will wed next spring.,The couple wed in a small church.,NGSL
57,2,rent,noun,집세,The rent is due next week.,How much rent do you pay?,NGSL
57,2,appearance,noun,외모,She cares a lot about her appearance.,His appearance changed after the long trip.,NGSL
57,2,reasonable,adjective,합리적인,That is a reasonable price for shoes.,Is it reasonable to wait one more day?,NGSL
57,3,guarantee,verb,보장하다,I cannot guarantee the weather will be nice.,Do they guarantee this phone for two years?,NGSL
57,3,theme,noun,주제,The theme of the party was the sea.,What is the main theme of the book?,NGSL
57,3,odd,adjective,이상한,It is odd that he is late.,Did you notice anything odd about him?,NGSL
57,3,loan,noun,대출,She got a loan to buy a car.,How long is the loan for?,NGSL
57,3,definition,noun,정의,Look up the definition of this word.,What is the definition of success?,NGSL
57,4,atmosphere,noun,분위기,The restaurant has a warm atmosphere.,Did you like the atmosphere at the concert?,NGSL
57,4,comparison,noun,비교,Here is a comparison of the two phones.,"In comparison, the old car was slow.",NGSL
57,4,license,noun,면허증,You need a license to drive here.,Did you bring your driving license?,NGSL
57,4,rely,verb,의지하다,You can always rely on your friends.,Do you rely on the bus every day?,NGSL
57,4,succeed,verb,성공하다,She worked hard and finally succeeded.,Will the new plan succeed this time?,NGSL
57,5,permit,verb,허용하다,Smoking is not permitted in this building.,Do they permit dogs in the park?,NGSL
57,5,seriously,adverb,진지하게,We talked seriously about our future.,Did they take your idea seriously?,NGSL
57,5,unique,adjective,독특한,Each child has a unique voice.,What makes this place so unique?,NGSL
57,5,practical,adjective,실용적인,She gave me some practical advice.,Is this plan really practical?,NGSL
57,5,youth,noun,젊은 시절,He played football in his youth.,Did you travel much in your youth?,NGSL
57,6,expectation,noun,기대,The film met all my expectations.,What are your expectations for this year?,NGSL
57,6,cast,noun,출연진,The cast of the film was excellent.,Did you meet the whole cast?,NGSL
57,6,journey,noun,여정,The journey took about three hours.,Did you enjoy your journey home?,NGSL
57,6,relief,noun,안도,What a relief to be home!,She felt great relief after the test.,NGSL
57,6,debt,noun,빚,He paid off his debt last year.,Are you still in debt?,NGSL
57,7,honor,noun,명예,He is a man of honor.,She brought great honor to her school.,NGSL
57,7,blame,verb,탓하다,Don't blame me for the broken window.,She blamed the weather for the delay.,NGSL
57,7,explanation,noun,설명,His explanation was clear and simple.,Can you give me an explanation?,NGSL
57,7,musical,adjective,음악의,She comes from a musical family.,He plays many musical instruments.,NGSL
57,7,recover,verb,회복하다,He recovered quickly after the operation.,Did she recover from her cold?,NGSL
58,1,retire,verb,은퇴하다,My father will retire next year.,When did your teacher retire?,NGSL
58,1,suitable,adjective,알맞은,This film is suitable for children.,Is this dress suitable for the party?,NGSL
58,1,native,adjective,모국의,She speaks her native language at home.,He returned to his native town.,NGSL
58,1,witness,noun,목격자,The witness saw the car accident.,Were there any witnesses to the crime?,NGSL
58,1,researcher,noun,연구원,The researcher studied the new drug.,Many researchers work at this university.,NGSL
58,2,ordinary,adjective,평범한,It was just an ordinary day.,Ordinary people cannot afford this car.,NGSL
58,2,selection,noun,선택,The shop has a wide selection of shoes.,The team selection was announced today.,NGSL
58,2,mental,adjective,정신적인,Exercise is good for mental health.,She has great mental strength.,NGSL
58,2,participant,noun,참가자,Every participant received a small gift.,How many participants joined the race?,NGSL
58,2,vision,noun,시력,My vision is getting worse with age.,Glasses can improve your vision.,NGSL
58,3,personality,noun,성격,She has a warm personality.,His personality changed after college.,NGSL
58,3,entry,noun,입장,Entry to the museum is free today.,How much is the entry fee?,NGSL
58,3,fellow,adjective,동료의,She helped her fellow students.,He talked with his fellow workers.,NGSL
58,3,chemical,adjective,화학의,The factory makes chemical products.,We did a chemical experiment at school.,NGSL
58,3,capture,verb,붙잡다,The police captured the man last night.,Did they capture the wild animal?,NGSL
58,4,peak,noun,정점,Sales reached their peak in summer.,Is this the peak of your career?,NGSL
58,4,chairman,noun,의장,The chairman spoke first.,Who is the new chairman?,NGSL
58,4,disappear,verb,사라지다,The cat disappeared under the bed.,Where did my keys disappear to?,NGSL
58,4,constant,adjective,끊임없는,The baby needs constant care.,Is the noise constant all day?,NGSL
58,4,instruction,noun,지시,Please follow the instructions carefully.,Did you read the instructions first?,NGSL
58,5,ideal,adjective,이상적인,This is the ideal place for lunch.,What is your ideal weekend like?,NGSL
58,5,folk,noun,사람들,The folks next door are friendly.,Do young folks still read newspapers?,NGSL
58,5,surely,adverb,분명히,Surely you remember her name?,He will surely come tomorrow.,NGSL
58,5,somewhat,adverb,약간,The test was somewhat difficult.,He seemed somewhat tired today.,NGSL
58,5,presentation,noun,발표,Her presentation was clear and short.,When is your presentation tomorrow?,NGSL
58,6,compete,verb,경쟁하다,Small shops compete with big stores.,Will you compete in the race?,NGSL
58,6,faith,noun,믿음,She has great faith in her team.,Do you have faith in him?,NGSL
58,6,reserve,verb,예약하다,I reserved a table for two.,Did you reserve a room already?,NGSL
58,6,complaint,noun,불만,The manager received a complaint today.,Do you have any complaints about the service?,NGSL
58,6,bore,verb,지루하게 하다,Long speeches bore most people.,Does this movie bore you?,NGSL
58,7,mission,noun,임무,The team completed its mission early.,What is the mission of this group?,NGSL
58,7,somehow,adverb,어떻게든,We somehow finished the work on time.,Somehow she found the right door.,NGSL
58,7,tone,noun,어조,Her tone was warm and friendly.,Why did his tone change suddenly?,NGSL
58,7,formal,adjective,격식 있는,Wear formal clothes to the party.,Is this a formal meeting or not?,NGSL
58,7,religion,noun,종교,Every religion has its own traditions.,What religion does your family follow?,NGSL
59,1,employer,noun,고용주,My employer pays me every month.,Did your employer give you a holiday?,NGSL
59,1,reject,verb,거절하다,The company rejected my application.,Why did she reject his offer?,NGSL
59,1,ban,verb,금지하다,The city banned smoking in parks.,Should schools ban phones in class?,NGSL
59,1,protest,noun,시위,Workers held a protest for higher pay.,The protest ended without any trouble.,NGSL
59,1,frequently,adverb,자주,He frequently visits his mother.,Do you travel frequently for work?,NGSL
59,2,command,noun,명령,The dog followed every command.,Who gave the command to stop?,NGSL
59,2,attractive,adjective,매력적인,The garden looks very attractive in spring.,Is the offer attractive to you?,NGSL
59,2,impression,noun,인상,He made a good first impression.,What was your impression of the city?,NGSL
59,2,unable,adjective,~할 수 없는,I was unable to sleep last night.,Why were they unable to come?,NGSL
59,2,electronic,adjective,전자의,I sent an electronic copy of the file.,Are electronic books cheaper than paper ones?,NGSL
59,3,criminal,noun,범죄자,The police caught the criminal quickly.,Did the criminal escape from prison?,NGSL
59,3,besides,preposition,~외에도,"Besides tea, she also likes coffee.",Who else is coming besides you?,NGSL
59,3,properly,adverb,제대로,Please close the door properly.,Did you wash your hands properly?,NGSL
59,3,ancient,adjective,고대의,We visited an ancient city last summer.,The museum has many ancient objects.,NGSL
59,3,closely,adverb,밀접하게,We work closely with the local school.,Are the two ideas closely related?,NGSL
59,4,multiple,adjective,여러 개의,She has multiple jobs this year.,Did you get multiple answers?,NGSL
59,4,unlike,preposition,~와 달리,"Unlike his brother, he loves sport.",This town is unlike any other.,NGSL
59,4,assistant,noun,조수,The doctor's assistant called me back.,Do you need an assistant for this project?,NGSL
59,4,advise,verb,조언하다,The doctor advised him to rest.,What would you advise me to do?,NGSL
59,4,household,noun,가정,Every household in town got a letter.,How many people live in your household?,NGSL
59,5,reward,noun,보상,The child got a small reward.,Is there a reward for finding the dog?,NGSL
59,5,voter,noun,유권자,Every voter received a card by mail.,How many voters live in this town?,NGSL
59,5,meanwhile,adverb,그동안에,"Meanwhile, the children played in the garden.","I cooked, and meanwhile he set the table.",NGSL
59,5,scientific,adjective,과학적인,The team used a scientific method.,Is there scientific evidence for this?,NGSL
59,5,wage,noun,임금,Workers asked for a higher wage.,What is the daily wage here?,NGSL
59,6,construct,verb,건설하다,They constructed a bridge over the river.,When was this hall constructed?,NGSL
59,6,rare,adjective,드문,Snow is rare in this region.,Is this bird really rare?,NGSL
59,6,intention,noun,의도,I have no intention of leaving.,What was his real intention?,NGSL
59,6,widely,adverb,널리,This book is widely read in schools.,Is this method widely used today?,NGSL
59,6,minimum,noun,최소,Keep your spending to a minimum.,What is the minimum age to drive?,NGSL
59,7,equally,adverb,똑같이,The money was shared equally between them.,Both ideas are equally important to me.,NGSL
59,7,expose,verb,노출시키다,Don't expose your skin to the sun.,Were the workers exposed to the gas?,NGSL
59,7,victory,noun,승리,The team celebrated their victory last night.,Was it an easy victory for them?,NGSL
59,7,critic,noun,비평가,The critic wrote about the new movie.,Are you a food critic?,NGSL
59,7,enormous,adjective,거대한,They live in an enormous house.,The enormous dog ran toward the children.,NGSL
60,1,permanent,adjective,영구적인,She finally got a permanent job.,Is the damage to the car permanent?,NGSL
60,1,emotion,noun,감정,He showed no emotion during the meeting.,Music can express deep emotions.,NGSL
60,1,talent,noun,재능,She has a real talent for music.,Does he have any talent for drawing?,NGSL
60,1,phrase,noun,구절,I learned a new phrase in class today.,What does this phrase mean?,NGSL
60,1,stable,adjective,안정된,Prices have been stable this year.,Is the economy stable now?,NGSL
60,2,communicate,verb,소통하다,We communicate with our team by email.,How do you communicate with your parents?,NGSL
60,2,vast,adjective,아주 넓은,The sea looks vast from here.,A vast forest surrounds the small town.,NGSL
60,2,exhibition,noun,전시회,We visited an art exhibition yesterday.,Is the exhibition open this weekend?,NGSL
60,2,producer,noun,제작자,The film producer hired a new director.,She works as a music producer.,NGSL
60,2,regional,adjective,지역의,The regional office opens at nine.,Each regional team has its own manager.,NGSL
60,3,draft,noun,초안,I wrote the first draft last night.,Can you read my draft today?,NGSL
60,3,politician,noun,정치인,The politician spoke to the crowd.,Do you trust that politician?,NGSL
60,3,salary,noun,월급,Her salary increased this year.,Is the salary paid every month?,NGSL
60,3,temporary,adjective,임시의,This is only a temporary job.,They built a temporary bridge over the river.,NGSL
60,3,truly,adverb,정말로,I am truly sorry for the mistake.,This is truly a beautiful garden.,NGSL
60,4,habit,noun,습관,Reading every night is a good habit.,How did you break that bad habit?,NGSL
60,4,emotional,adjective,감정적인,It was an emotional moment for everyone.,Why is he so emotional today?,NGSL
60,4,appointment,noun,만날 약속,I have a doctor's appointment at three.,Did you make an appointment with him?,NGSL
60,4,maximum,adjective,최대의,The maximum speed here is fifty.,What is the maximum number of people?,NGSL
60,4,elsewhere,adverb,다른 곳에서,"The shop was closed, so we ate elsewhere.",Did you look for it elsewhere?,NGSL
60,5,bother,verb,귀찮게 하다,Please don't bother me while I work.,Does the noise bother you at night?,NGSL
60,5,diet,noun,식단,A healthy diet includes fresh fruit.,What does your daily diet look like?,NGSL
60,5,motion,noun,움직임,The motion of the boat made me sick.,Can you feel the motion of the train?,NGSL
60,5,disappoint,verb,실망시키다,I don't want to disappoint my parents.,The film disappointed many of its fans.,NGSL
60,5,extreme,adjective,극심한,The heat was extreme last summer.,Extreme weather is becoming more common.,NGSL
60,6,passage,noun,지문,Read this passage and answer the questions.,Which passage did you like most?,NGSL
60,6,forth,adverb,앞으로,The dog ran back and forth happily.,"From that day forth, we stayed friends.",NGSL
60,6,concentration,noun,집중,This work needs a lot of concentration.,Did the noise break your concentration?,NGSL
60,6,deserve,verb,받을 자격이 있다,You deserve a long holiday this summer.,Does she deserve the award?,NGSL
60,6,unusual,adjective,흔치 않은,It was an unusual morning for us.,Why is the weather so unusual today?,NGSL
60,7,defend,verb,방어하다,The team must defend its goal well.,He defended his idea in the meeting.,NGSL
60,7,classic,adjective,고전적인,This is a classic film about love.,She wears a classic black dress.,NGSL
60,7,collapse,verb,무너지다,The old bridge collapsed last night.,Why did the wall collapse so quickly?,NGSL
60,7,abroad,adverb,해외로,She wants to study abroad next year.,Have you ever traveled abroad?,NGSL
60,7,soul,noun,영혼,Music is good for the soul.,Do you believe in the soul?,NGSL
61,1,defeat,verb,물리치다,Our team defeated them last week.,Can she defeat the top player?,NGSL
61,1,presidential,adjective,대통령의,The presidential election is next month.,Did you watch the presidential speech?,NGSL
61,1,perfectly,adverb,완벽하게,She speaks the language perfectly.,The dress fits you perfectly!,NGSL
61,1,emergency,noun,긴급 상황,Call the doctor in an emergency.,Is this an emergency?,NGSL
61,1,educational,adjective,교육적인,This game is fun and educational.,The museum offers educational programs for kids.,NGSL
61,2,valuable,adjective,귀중한,This ring is very valuable.,Your advice was valuable to me.,NGSL
61,2,personally,adverb,개인적으로,"Personally, I prefer tea to coffee.",Did you meet her personally?,NGSL
61,2,accommodation,noun,숙소,We need accommodation for two nights.,Is accommodation included in the price?,NGSL
61,2,climate,noun,기후,The climate here is warm and dry.,Is the climate changing quickly?,NGSL
61,2,exception,noun,예외,There is one exception to this rule.,Can you make an exception today?,NGSL
61,3,excuse,noun,변명,That is a poor excuse for being late.,What was his excuse this time?,NGSL
61,3,partly,adverb,부분적으로,The plan was partly my idea.,Was the door partly open?,NGSL
61,3,confuse,verb,헷갈리게 하다,These two names always confuse me.,Did the new rules confuse you?,NGSL
61,3,beauty,noun,아름다움,The beauty of the mountains amazed us.,Do you see the beauty in this picture?,NGSL
61,3,massive,adjective,거대한,A massive tree stood near the river.,Was the crowd really that massive?,NGSL
61,4,install,verb,설치하다,We installed new software yesterday.,Can you install this program for me?,NGSL
61,4,calculate,verb,계산하다,Please calculate the total cost for me.,Did you calculate the final price?,NGSL
61,4,creation,noun,창조,The creation of the park took two years.,Job creation is the government's main goal.,NGSL
61,4,outline,noun,개요,Write an outline before you start writing.,Can you give me a brief outline?,NGSL
61,4,update,verb,업데이트하다,Please update the software on your computer.,Did you update your address with the bank?,NGSL
61,5,luck,noun,운,She had good luck with the weather.,Do you believe in luck?,NGSL
61,5,illness,noun,병,He missed school because of illness.,Was her illness serious?,NGSL
61,5,sudden,adjective,갑작스러운,There was a sudden change in the weather.,Why did she make such a sudden decision?,NGSL
61,5,originally,adverb,원래,The house was originally painted white.,Where did your family originally come from?,NGSL
61,5,comfort,noun,편안함,The old chair gives me great comfort.,Do you value comfort more than style?,NGSL
61,6,secondly,adverb,둘째로,"Secondly, we need to check the budget.","Secondly, is the hotel near the beach?",NGSL
61,6,gene,noun,유전자,This gene affects the color of your eyes.,Do genes control how tall we grow?,NGSL
61,6,plot,noun,줄거리,The plot of the movie was simple.,Can you explain the plot to me?,NGSL
61,6,sequence,noun,순서,Put the pictures in the right sequence.,What is the sequence of events here?,NGSL
61,6,plain,adjective,꾸밈없는,She wore a plain white shirt.,Do you prefer plain food or rich food?,NGSL
61,7,volunteer,noun,자원봉사자,The volunteers helped clean the park.,Are you a volunteer at the hospital?,NGSL
61,7,rural,adjective,시골의,They live in a quiet rural area.,Is life in rural areas slower?,NGSL
61,7,examination,noun,시험,The final examination is next week.,Did you pass your examination?,NGSL
61,7,silence,noun,침묵,There was a long silence in the room.,Why did she answer with silence?,NGSL
61,7,rapidly,adverb,빠르게,The city is growing rapidly.,Why is the price rising so rapidly?,NGSL
62,1,delight,noun,큰 기쁨,The children laughed with delight.,Did the gift bring her delight?,NGSL
62,1,dramatic,adjective,극적인,There was a dramatic change in the weather.,Was the ending of the movie dramatic?,NGSL
62,1,differ,verb,다르다,Our opinions differ on this issue.,How do the two plans differ?,NGSL
62,1,grateful,adjective,고마워하는,I am grateful for your help.,She felt grateful to her teacher.,NGSL
62,1,origin,noun,기원,What is the origin of this word?,Nobody knows the origin of the story.,NGSL
62,2,educate,verb,교육하다,Schools educate children about health.,How do you educate young people today?,NGSL
62,2,fault,noun,잘못,It was not your fault.,Whose fault is the broken window?,NGSL
62,2,minor,adjective,사소한,It was only a minor problem.,Did you make any minor changes?,NGSL
62,2,achievement,noun,성취,Winning the game was a great achievement.,What is your biggest achievement so far?,NGSL
62,2,typically,adverb,보통,I typically wake up at seven.,"Typically, the shop opens at nine.",NGSL
62,3,peer,noun,또래,Children learn a lot from their peers.,Do you respect your peers at work?,NGSL
62,3,deeply,adverb,깊이,I was deeply moved by the film.,Do you care deeply about your work?,NGSL
62,3,assistance,noun,도움,Do you need any assistance with that?,The nurse offered assistance to the patient.,NGSL
62,3,retirement,noun,은퇴,He is saving money for retirement.,What will you do after retirement?,NGSL
62,3,proof,noun,증거,Do you have proof of your address?,This letter is proof that he agreed.,NGSL
62,4,preparation,noun,준비,Good preparation is the key to success.,How much preparation does the test need?,NGSL
62,4,edition,noun,판,This is the second edition of the book.,Do you have the latest edition?,NGSL
62,4,entertainment,noun,오락,Music is my favorite form of entertainment.,What entertainment is there for kids?,NGSL
62,4,honest,adjective,정직한,Please be honest with me.,Is he an honest man?,NGSL
62,4,unlikely,adjective,가능성이 낮은,It is unlikely to rain today.,Why is that so unlikely?,NGSL
62,5,gay,adjective,동성애자의,My gay friend is getting married next month.,Is the film about a gay couple?,NGSL
62,5,slight,adjective,약간의,There is a slight change in the plan.,Did you feel a slight pain?,NGSL
62,5,unknown,adjective,알려지지 않은,The cause of the fire is unknown.,Why is his name still unknown?,NGSL
62,5,zone,noun,구역,You cannot smoke in this zone.,Is this a safe zone for children?,NGSL
62,5,elderly,adjective,나이 든,An elderly woman lives next door.,Do you help elderly people in your area?,NGSL
62,6,owe,verb,빚지다,I owe you ten dollars.,How much do we owe the bank?,NGSL
62,6,arrival,noun,도착,We waited for the arrival of the train.,Her arrival made everyone very happy.,NGSL
62,6,specialist,noun,전문가,You should see a specialist about your back.,She is a specialist in heart disease.,NGSL
62,6,profile,noun,인물 소개,Please update your profile with a photo.,Did you read her profile online?,NGSL
62,6,mood,noun,기분,She is in a good mood today.,Why is he in such a bad mood?,NGSL
62,7,symptom,noun,증상,Pain is the first symptom of the disease.,What symptoms did the patient have?,NGSL
62,7,sensitive,adjective,민감한,My skin is very sensitive to the sun.,He is sensitive to cold weather.,NGSL
62,7,input,noun,입력,Please check your input before you continue.,Does this machine accept voice input?,NGSL
62,7,persuade,verb,설득하다,I tried to persuade her to stay.,Can you persuade him to join us?,NGSL
62,7,inspire,verb,영감을 주다,Her story inspired many young people.,What inspires you to write music?,NGSL
63,1,grand,adjective,웅장한,They live in a grand old house.,What a grand hotel this is!,NGSL
63,1,false,adjective,거짓의,That story about him is false.,Is this statement true or false?,NGSL
63,1,assist,verb,도와주다,A nurse assisted the doctor during the operation.,Can you assist me with this box?,NGSL
63,1,routine,noun,일과,Exercise is part of my morning routine.,What is your daily routine like?,NGSL
63,1,supporter,noun,지지자,She is a strong supporter of the plan.,Are you a supporter of this team?,NGSL
63,2,steady,adjective,꾸준한,We made steady progress this year.,Is the company showing steady growth?,NGSL
63,2,disaster,noun,재난,The storm was a real disaster.,How can we prepare for a disaster?,NGSL
63,2,pace,noun,속도,She walks at a fast pace.,Can you keep up this pace?,NGSL
63,2,heavily,adverb,심하게,It rained heavily last night.,He was breathing heavily after running.,NGSL
63,2,terrorist,noun,테러리스트,The history lesson explained what a terrorist is.,The news often talks about terrorists.,NGSL
63,3,fascinate,verb,매료시키다,Space has always fascinated me.,The old story fascinates the children.,NGSL
63,3,spare,adjective,여분의,Do you have a spare key?,I read books in my spare time.,NGSL
63,3,whenever,conjunction,~할 때마다,Call me whenever you need help.,"Whenever I visit, she cooks dinner.",NGSL
63,3,depression,noun,우울증,She got treatment for her depression.,Can exercise help with depression?,NGSL
63,3,guilty,adjective,죄책감이 드는,I feel guilty about lying to her.,Why do you look so guilty?,NGSL
63,4,satisfaction,noun,만족,The job gives me great satisfaction.,Do you find satisfaction in your work?,NGSL
63,4,anger,noun,분노,He tried to hide his anger.,Why is there so much anger here?,NGSL
63,4,naturally,adverb,자연스럽게,She smiles very naturally in photos.,Plants grow naturally in this soil.,NGSL
63,4,database,noun,데이터베이스,The database holds all customer records.,Can you search the database for me?,NGSL
63,4,initially,adverb,처음에는,"Initially, I did not like the job.",The plan initially seemed too expensive.,NGSL
63,5,rarely,adverb,드물게,He rarely eats meat these days.,Why do you rarely call me?,NGSL
63,5,constantly,adverb,끊임없이,My phone is constantly ringing at work.,Why do you constantly check the news?,NGSL
63,5,boundary,noun,경계,The river forms the boundary between two towns.,Where is the boundary of the farm?,NGSL
63,5,withdraw,verb,인출하다,I need to withdraw some money today.,Can I withdraw cash from this machine?,NGSL
63,5,pollution,noun,오염,Air pollution is a big problem in cities.,How can we reduce water pollution?,NGSL
63,6,symbol,noun,상징,A red heart is a symbol of love.,What does this symbol on the map mean?,NGSL
63,6,foundation,noun,기초,Trust is the foundation of a good marriage.,Do the workers build the foundation first?,NGSL
63,6,extension,noun,연장,She asked for an extension on her essay.,Can I get an extension until next week?,NGSL
63,6,wealth,noun,재산,He shared his wealth with poor people.,Does wealth make people happy?,NGSL
63,6,gradually,adverb,서서히,The weather gradually became warmer.,She gradually learned to trust him.,NGSL
63,7,evil,adjective,사악한,The evil king hurt his people.,Is that character truly evil?,NGSL
63,7,breed,verb,번식하다,Birds breed in the spring.,Do rabbits breed all year?,NGSL
63,7,brilliant,adjective,뛰어난,She is a brilliant young scientist.,That was a brilliant idea!,NGSL
63,7,adviser,noun,조언자,She works as a financial adviser.,Who is your adviser at school?,NGSL
63,7,mode,noun,작동 방식,Switch the camera to night mode.,Which mode should I use?,NGSL
64,1,awful,adjective,끔찍한,The weather was awful yesterday.,What an awful smell!,NGSL
64,1,adjust,verb,조절하다,Please adjust the seat before driving.,Can you adjust the sound a little?,NGSL
64,1,creative,adjective,창의적인,She is a very creative artist.,What a creative way to solve it!,NGSL
64,1,nowadays,adverb,요즘에는,Nowadays everyone has a phone.,Do kids still play outside nowadays?,NGSL
64,1,confident,adjective,자신감 있는,She felt confident before the test.,Are you confident about your answer?,NGSL
64,2,overcome,verb,극복하다,She overcame her fear of water.,How did you overcome that problem?,NGSL
64,2,portion,noun,일부분,A large portion of the money was spent.,She ate only a small portion of cake.,NGSL
64,2,independence,noun,독립,The country gained its independence long ago.,Young people want independence from their parents.,NGSL
64,2,harm,verb,해치다,Smoking can harm your health.,Did the storm harm the crops?,NGSL
64,2,impress,verb,깊은 인상을 주다,Her speech impressed everyone in the room.,Did the new movie impress you?,NGSL
64,3,similarly,adverb,비슷하게,The two sisters dress similarly.,"Similarly, prices rose in other cities.",NGSL
64,3,behave,verb,행동하다,The children behaved well at dinner.,Why is the dog behaving like that?,NGSL
64,3,infection,noun,감염,The doctor treated the infection quickly.,Can you get an infection from that?,NGSL
64,3,regularly,adverb,정기적으로,I exercise regularly in the morning.,Do you visit your parents regularly?,NGSL
64,3,broadcast,verb,방송하다,The game was broadcast live last night.,Which channel broadcasts the news at nine?,NGSL
64,4,membership,noun,회원 자격,My gym membership ends next month.,How much does membership cost each year?,NGSL
64,4,pure,adjective,순수한,This ring is made of pure gold.,The water here is pure and clean.,NGSL
64,4,quantity,noun,양,We need a large quantity of rice.,Quality matters more than quantity.,NGSL
64,4,mature,adjective,성숙한,She is very mature for her age.,Mature trees give a lot of shade.,NGSL
64,4,briefly,adverb,잠깐,We spoke briefly after the meeting.,Can you briefly explain the plan?,NGSL
64,5,disturb,verb,방해하다,Please do not disturb me while I'm working.,Did the noise disturb your sleep?,NGSL
64,5,poverty,noun,가난,Many families still live in poverty.,Education can help end poverty.,NGSL
64,5,newly,adverb,새로,They moved into a newly built house.,The newly opened cafe is very popular.,NGSL
64,5,parallel,adjective,평행한,The two roads run parallel to each other.,Draw two parallel lines on the paper.,NGSL
64,5,gender,noun,성별,Please write your name and gender here.,Pay should not depend on gender.,NGSL
64,6,sponsor,noun,후원자,The event needs a new sponsor.,Who is the main sponsor this year?,NGSL
64,6,dealer,noun,판매업자,We bought the car from a local dealer.,The dealer offered a good price.,NGSL
64,6,occasionally,adverb,가끔,I occasionally eat out on weekends.,Do you still see him occasionally?,NGSL
64,6,discovery,noun,발견,It was a big discovery for science.,Did you hear about the new discovery?,NGSL
64,6,digital,adjective,디지털의,I bought a new digital camera.,Do you read digital books or paper ones?,NGSL
64,7,translate,verb,번역하다,Can you translate this letter for me?,She translates books for a living.,NGSL
64,7,edit,verb,편집하다,Please edit this report before tomorrow.,He edits videos for a small company.,NGSL
64,7,pleasant,adjective,기분 좋은,We had a pleasant evening by the river.,What a pleasant surprise to see you!,NGSL
64,7,overseas,adverb,해외로,She moved overseas after college.,Have you ever traveled overseas?,NGSL
64,7,summary,noun,요약,Please write a short summary of the book.,The summary is at the end.,NGSL
65,1,recovery,noun,회복,Her recovery from the illness was fast.,The economy is showing signs of recovery.,NGSL
65,1,exact,adjective,정확한,Do you know the exact time?,I need the exact number of guests.,NGSL
65,1,operator,noun,기계 조작자,The machine operator works from nine to five.,Ask the operator to stop the machine.,NGSL
65,1,anxiety,noun,불안,She felt anxiety before the big test.,Exercise can help reduce anxiety.,NGSL
65,1,precisely,adverb,정확히,The meeting starts at precisely ten.,That is precisely what I mean.,NGSL
65,2,rival,noun,경쟁 상대,The two teams are old rivals.,Who is your biggest rival at work?,NGSL
65,2,admire,verb,존경하다,I really admire my old teacher.,Which artist do you admire most?,NGSL
65,2,illegal,adjective,불법적인,It is illegal to park here.,Selling these drugs is illegal.,NGSL
65,2,charity,noun,자선 단체,She gives money to charity every month.,Which charity does your company support?,NGSL
65,2,historian,noun,역사학자,The historian wrote a book about the war.,Historians still argue about this event.,NGSL
65,3,keen,adjective,열의 있는,She is keen to learn new languages.,Are you keen on football?,NGSL
65,3,forecast,noun,예보,The forecast says rain tomorrow.,Did you check the weather forecast?,NGSL
65,3,custom,noun,관습,Every country has its own customs.,Is this an old family custom?,NGSL
65,3,adapt,verb,적응하다,Children adapt quickly to new schools.,How did you adapt to the cold?,NGSL
65,3,charm,noun,매력,The old town has a special charm.,What is the charm of this place?,NGSL
65,4,react,verb,반응하다,How did she react to the news?,People react differently to stress.,NGSL
65,4,lecture,noun,강의,The lecture starts at nine tomorrow.,Did you attend the history lecture?,NGSL
65,4,dialog,noun,대화,The film has very natural dialog.,Can we start a dialog about this?,NGSL
65,4,rapid,adjective,빠른,The city saw rapid growth last decade.,Why was the change so rapid?,NGSL
65,4,cancel,verb,취소하다,They canceled the game because of rain.,Can I cancel my order online?,NGSL
65,5,regret,verb,후회하다,I regret not studying harder.,Do you regret leaving your job?,NGSL
65,5,margin,noun,여백,Write your notes in the margin.,Is the page margin wide enough?,NGSL
65,5,beneath,preposition,~아래에,The cat is sleeping beneath the table.,What lies beneath the sea?,NGSL
65,5,opponent,noun,상대,She beat her opponent in two sets.,Who is your opponent in the final?,NGSL
65,5,resist,verb,저항하다,The people resisted the new tax.,Why do you resist every change?,NGSL
65,6,dare,verb,감히 ~하다,I don't dare to swim in cold water.,Would you dare to climb that tall tree?,NGSL
65,6,barrier,noun,장벽,Language can be a barrier between people.,The police put a barrier across the road.,NGSL
65,6,rid,verb,없애다,Let's get rid of these old boxes.,How can I get rid of this cold?,NGSL
65,6,divorce,noun,이혼,Their divorce was hard for the children.,Is divorce common in your country?,NGSL
65,6,ruin,verb,망치다,The rain ruined our plans for the beach.,Don't ruin the surprise for her!,NGSL
65,7,frequent,adjective,잦은,She is a frequent visitor to the museum.,Are storms frequent in this area?,NGSL
65,7,survival,noun,생존,Water is necessary for survival in the desert.,The animals fight for survival every winter.,NGSL
65,7,permission,noun,허락,You need permission to enter this room.,Did you ask for permission first?,NGSL
65,7,greatly,adverb,크게,Your help greatly improved my work.,Prices have greatly increased this year.,NGSL
65,7,visible,adjective,눈에 보이는,The mountain is visible from my window.,Is the sign visible from the road?,NGSL
66,1,impressive,adjective,인상적인,Her speech was truly impressive.,What an impressive view from the top!,NGSL
66,1,violent,adjective,격렬한,A violent wind shook the old trees.,The boat rocked in the violent waves.,NGSL
66,1,slave,noun,노예,"In ancient times, many people were slaves.",The museum shows how slaves once lived.,NGSL
66,1,wealthy,adjective,부유한,A wealthy family owns that big house.,Is he really that wealthy?,NGSL
66,1,architecture,noun,건축,She studies architecture at the university.,The old city is famous for its architecture.,NGSL
66,2,acceptable,adjective,받아들일 만한,Is this price acceptable to you?,Late work is not acceptable in this class.,NGSL
66,2,measurement,noun,측정,Careful measurement is important in science.,I took a measurement of the window.,NGSL
66,2,random,adjective,무작위의,Pick a random number from one to ten.,The teacher asked random students questions.,NGSL
66,2,successfully,adverb,성공적으로,She successfully finished the test.,Did you successfully install the software?,NGSL
66,2,depress,verb,우울하게 하다,The bad news depressed him.,Rainy days depress me sometimes.,NGSL
66,3,motivate,verb,동기를 주다,Good teachers motivate their students.,What motivates you to work so hard?,NGSL
66,3,promotion,noun,승진,She got a promotion last week.,Did you celebrate your promotion?,NGSL
66,3,passion,noun,열정,He has a passion for music.,What is your greatest passion in life?,NGSL
66,3,roughly,adverb,대략,The trip takes roughly two hours.,Roughly how many people came to the party?,NGSL
66,3,province,noun,지방,They live in a northern province.,Which province is the biggest in the country?,NGSL
66,4,accomplish,verb,해내다,We accomplished a lot this week.,What did you accomplish today?,NGSL
66,4,weakness,noun,약점,Everyone has a weakness.,What is your biggest weakness?,NGSL
66,4,announcement,noun,발표,The company made an important announcement today.,Did you hear the announcement about the test?,NGSL
66,4,glance,verb,힐끗 보다,She glanced at her watch.,Did he glance at the letter?,NGSL
66,4,embarrass,verb,창피하게 하다,His joke embarrassed everyone at the table.,Did I embarrass you in front of them?,NGSL
66,5,aggressive,adjective,공격적인,The dog was very aggressive today.,Why is he so aggressive with customers?,NGSL
66,5,format,noun,형식,What format should the report be in?,The new format is easier to read.,NGSL
66,5,praise,verb,칭찬하다,The teacher praised her hard work.,Why did nobody praise his cooking?,NGSL
66,5,publisher,noun,출판사,The publisher accepted her first novel.,Which publisher printed this book?,NGSL
66,5,classical,adjective,고전적인,I love listening to classical music.,The building has a classical design.,NGSL
66,6,versus,preposition,~대,Tonight it is our team versus the champions.,It was a choice of money versus time.,NGSL
66,6,friendship,noun,우정,Their friendship lasted for thirty years.,Is friendship more important than money?,NGSL
66,6,profession,noun,직업,What profession would you like to enter?,Medicine is a respected profession.,NGSL
66,6,gesture,noun,몸짓,He made a gesture with his hand.,Was that gesture a sign of thanks?,NGSL
66,6,entertain,verb,즐겁게 하다,He entertained the guests with funny stories.,Can music entertain a baby?,NGSL
66,7,remote,adjective,외딴,They live in a remote village.,Is the island too remote to visit?,NGSL
66,7,therapy,noun,치료,She is having therapy for her back.,Does the therapy help with the pain?,NGSL
66,7,imagination,noun,상상력,Children have a rich imagination.,Use your imagination to write a story.,NGSL
66,7,disagree,verb,의견이 다르다,I disagree with your plan.,Why do you disagree with him?,NGSL
66,7,joy,noun,기쁨,Her face was full of joy.,The baby brought us great joy.,NGSL
67,1,reliable,adjective,믿을 만한,He is a reliable friend.,Is this car reliable in winter?,NGSL
67,1,fortune,noun,큰돈,He made a fortune in business.,That car must cost a fortune!,NGSL
67,1,ceremony,noun,의식,The wedding ceremony was beautiful.,When does the ceremony begin?,NGSL
67,1,automatically,adverb,자동으로,The door opens automatically.,Does the light turn off automatically?,NGSL
67,1,scholar,noun,학자,The scholar studied ancient history.,Many scholars agree with this theory.,NGSL
67,2,penalty,noun,벌칙,There is a penalty for late payment.,What is the penalty for speeding?,NGSL
67,2,poetry,noun,시,She loves reading poetry at night.,Do you write poetry?,NGSL
67,2,sake,noun,~을 위함,She moved here for her children's sake.,"For the sake of safety, please slow down.",NGSL
67,2,boost,verb,끌어올리다,Exercise can boost your energy every morning.,The new ad boosted sales last month.,NGSL
67,2,curious,adjective,호기심 많은,Children are curious about everything around them.,Why are you so curious about my job?,NGSL
67,3,maintenance,noun,유지 보수,The building closed for maintenance this weekend.,Regular maintenance keeps your car running well.,NGSL
67,3,strengthen,verb,강화하다,Exercise will strengthen your legs and back.,How can we strengthen our friendship?,NGSL
67,3,pretend,verb,~인 척하다,The kids pretended to be brave soldiers.,Don't pretend you didn't hear me.,NGSL
67,3,pride,noun,자부심,She takes great pride in her work.,Pride kept him from asking for help.,NGSL
67,3,intense,adjective,강렬한,The heat was intense this afternoon.,Why is the pain so intense at night?,NGSL
67,4,strict,adjective,엄격한,Our teacher is strict but very fair.,Are the rules at your school strict?,NGSL
67,4,humor,noun,유머,He has a great sense of humor.,Her humor makes everyone laugh.,NGSL
67,4,wise,adjective,현명한,My grandmother is a wise woman.,Was that a wise decision?,NGSL
67,4,carbon,noun,탄소,Trees take carbon from the air.,How much carbon does a car produce?,NGSL
67,4,destruction,noun,파괴,The storm caused great destruction.,War brings destruction to cities.,NGSL
67,5,mystery,noun,수수께끼,Her past is still a mystery.,Why he left remains a mystery.,NGSL
67,5,bless,verb,축복하다,Her parents blessed the marriage.,She blessed the food before dinner.,NGSL
67,5,jury,noun,배심원단,The jury found him not guilty.,How many people sit on a jury?,NGSL
67,5,cooperation,noun,협력,Thank you for your cooperation.,The project needs cooperation between teams.,NGSL
67,5,scan,verb,훑어보다,She scanned the list for her name.,Did you scan the page for errors?,NGSL
67,6,hopefully,adverb,바라건대,"Hopefully, the rain will stop soon.",We will hopefully finish the work today.,NGSL
67,6,maker,noun,제조사,The car maker announced a new model.,Which phone maker do you like most?,NGSL
67,6,barely,adverb,간신히,I barely passed the test.,He could barely hear her voice.,NGSL
67,6,invent,verb,발명하다,Who invented the telephone?,She invented a new kind of game.,NGSL
67,6,tourism,noun,관광업,Tourism is important to the island's economy.,Does tourism bring money to the town?,NGSL
67,7,hesitate,verb,망설이다,Don't hesitate to call me.,She hesitated before answering the question.,NGSL
67,7,motivation,noun,동기,What is your motivation for studying?,He lacks the motivation to exercise.,NGSL
67,7,romantic,adjective,낭만적인,They had a romantic dinner by the sea.,Is this a romantic movie?,NGSL
67,7,firmly,adverb,굳게,He held my hand firmly.,I firmly believe she will succeed.,NGSL
67,7,interior,noun,내부,The interior of the car is clean.,Do you like the interior of the house?,NGSL
68,1,championship,noun,선수권 대회,Our team won the championship last year.,When is the championship game?,NGSL
68,1,immigrant,noun,이민자,Many immigrants work hard in this city.,Is your grandmother an immigrant too?,NGSL
68,1,surprisingly,adverb,놀랍게도,"Surprisingly, the test was quite easy.",The food was surprisingly good.,NGSL
68,1,differently,adverb,다르게,Everyone sees the world differently.,Why do you think differently now?,NGSL
68,1,continuous,adjective,계속되는,We heard a continuous noise all night.,Is the pain continuous or does it stop?,NGSL
68,2,luxury,noun,사치,A long holiday is a luxury for us.,Do you enjoy little luxuries like good coffee?,NGSL
68,2,wherever,conjunction,어디든지,Sit wherever you like.,I will follow you wherever you go.,NGSL
68,2,firstly,adverb,첫째로,"Firstly, we need a clear plan.","Firstly, thank you all for coming.",NGSL
68,2,anxious,adjective,불안한,She felt anxious before the exam.,Why are you so anxious today?,NGSL
68,2,exhaust,verb,지치게 하다,The long walk exhausted the children.,Did the trip exhaust you?,NGSL
68,3,attraction,noun,명소,The castle is the town's main attraction.,What is the biggest attraction in this city?,NGSL
68,3,veteran,noun,참전 용사,Her father is a war veteran.,The town honored its veterans today.,NGSL
68,3,reflection,noun,비친 모습,She saw her reflection in the window.,Can you see your reflection in the water?,NGSL
68,3,fiction,noun,소설,She loves reading fiction at night.,Is this book fiction or fact?,NGSL
68,3,confusion,noun,혼란,There was confusion about the meeting time.,Why is there so much confusion here?,NGSL
68,4,grammar,noun,문법,English grammar can be difficult to learn.,Did you study grammar in school?,NGSL
68,4,revise,verb,수정하다,Please revise your essay before tomorrow.,We revised the plan after the meeting.,NGSL
68,4,hint,noun,힌트,Can you give me a hint?,The teacher gave us a small hint.,NGSL
68,4,panic,noun,극심한 공포,People ran in panic from the building.,Why was there such panic yesterday?,NGSL
68,4,happiness,noun,행복,Money cannot buy happiness.,What brings you the most happiness?,NGSL
68,5,verb,noun,동사,Every sentence needs a verb.,Can you find the verb in this sentence?,NGSL
68,5,reckon,verb,~라고 생각하다,I reckon it will rain tomorrow.,Do you reckon she will come?,NGSL
68,5,transportation,noun,교통수단,Public transportation here is cheap and fast.,What transportation do you use for work?,NGSL
68,5,storage,noun,보관,We need more storage for our books.,Is there storage space in the kitchen?,NGSL
68,5,universe,noun,우주,The universe is very big.,How old is the universe?,NGSL
68,6,horrible,adjective,끔찍한,The weather was horrible yesterday.,Did you hear that horrible noise?,NGSL
68,6,innocent,adjective,죄 없는,The court found the man innocent.,Why do you think she is innocent?,NGSL
68,6,substitute,verb,대신하다,You can substitute water for milk here.,Can I substitute rice for bread?,NGSL
68,6,supplement,noun,보충제,He takes a supplement for his health.,Do you take any supplements every day?,NGSL
68,6,reasonably,adverb,꽤,The hotel was reasonably cheap for summer.,Is the food there reasonably good?,NGSL
68,7,flexible,adjective,유연한,My work hours are quite flexible.,Is your schedule flexible next week?,NGSL
68,7,precise,adjective,정확한,Please give me a precise answer.,Are these numbers precise enough?,NGSL
68,7,distant,adjective,먼,They moved to a distant town.,Can you hear that distant sound?,NGSL
68,7,summarize,verb,요약하다,Can you summarize the story for me?,She summarized the report in one page.,NGSL
68,7,swear,verb,맹세하다,I swear I never saw that letter.,Do you swear to tell the truth?,NGSL
69,1,refugee,noun,난민,The refugees found a new home here.,How many refugees arrived last year?,NGSL
69,1,excitement,noun,흥분,The kids could not hide their excitement.,Can you feel the excitement in the room?,NGSL
69,1,pregnancy,noun,임신,She read many books during her pregnancy.,Is this her first pregnancy?,NGSL
69,1,empire,noun,제국,The empire grew very large.,How did the empire fall?,NGSL
69,1,attendance,noun,출석,Attendance at the meeting was high.,Is attendance required every day?,NGSL
69,2,organic,adjective,유기농의,We buy organic vegetables at the market.,Is this milk organic?,NGSL
69,2,server,noun,서버,The server is down right now.,Our files are kept on the server.,NGSL
69,2,alongside,preposition,~와 나란히,The dog ran alongside the bike.,She worked alongside her brother for years.,NGSL
69,2,unite,verb,하나로 합치다,The game united the whole town.,Can music unite people from different countries?,NGSL
69,2,gaze,verb,가만히 바라보다,She gazed at the stars all night.,Why do you gaze out the window?,NGSL
69,3,fade,verb,희미해지다,The colors faded in the sun.,The music slowly faded away.,NGSL
69,3,royal,adjective,왕실의,The royal family visited the town.,Is that an old royal castle?,NGSL
69,3,mayor,noun,시장,The mayor opened the new park.,Who is the mayor of this city?,NGSL
69,3,registration,noun,등록,Registration for the class starts tomorrow.,Did you finish your registration online?,NGSL
69,3,attachment,noun,첨부 파일,Please open the attachment in my email.,The attachment was too large to send.,NGSL
69,4,holder,noun,소유자,Ticket holders can enter at six.,The account holder must sign here.,NGSL
69,4,solar,adjective,태양의,Solar energy is clean and cheap.,They put solar panels on the roof.,NGSL
69,4,noun,noun,명사,The word 'dog' is a noun.,Can you find the noun in this sentence?,NGSL
69,4,fortunate,adjective,운이 좋은,We were fortunate to find a seat.,She feels fortunate to have good friends.,NGSL
69,4,ashamed,adjective,부끄러운,He felt ashamed of his mistake.,Are you ashamed of what you said?,NGSL
69,5,impact,noun,영향,The new law had a big impact.,What impact will this have on prices?,NAWL
69,5,publish,verb,출판하다,She will publish her first book soon.,When did they publish the results?,NAWL
69,5,acid,noun,산,This acid can burn your skin.,Is this liquid an acid or not?,NAWL
69,5,translation,noun,번역,Her translation of the novel was excellent.,Is this translation correct?,NAWL
69,5,vowel,noun,모음,Our language has many vowel sounds.,How many vowels are in this word?,NAWL
69,6,bilingual,adjective,두 언어를 쓰는,Many bilingual children learn to read early.,Is your school bilingual?,NAWL
69,6,calculation,noun,계산,My calculation was wrong again.,Did you check the calculation twice?,NAWL
69,6,orientation,noun,오리엔테이션,The new students had orientation today.,When is the orientation for new staff?,NAWL
69,6,identical,adjective,똑같은,The two boxes look identical.,Are these identical to the old ones?,NAWL
69,6,prediction,noun,예측,My prediction about the weather was right.,Can you make a prediction for tomorrow?,NAWL
69,7,infect,verb,감염시키다,The virus can infect many people quickly.,Did the cut get infected?,NAWL
69,7,magnetic,adjective,자석의,The magnetic field is strong here.,Is this metal magnetic?,NAWL
69,7,dose,noun,복용량,Take one dose after each meal.,Did the doctor change your dose?,NAWL
69,7,elite,noun,특권층,The elite live in big houses.,Only the elite attended the meeting.,NAWL
69,7,sin,noun,죄,Lying is a sin in many religions.,He felt sorry for his sin.,NAWL
70,1,vocabulary,noun,어휘,Reading improves your vocabulary.,How large is your vocabulary now?,NAWL
70,1,manuscript,noun,원고,The writer sent her manuscript to the publisher.,Is this manuscript ready for print?,NAWL
70,1,commonly,adverb,흔히,This word is commonly used today.,Are these flowers commonly found here?,NAWL
70,1,horizontal,adjective,수평의,Draw a horizontal line across the page.,Is the shelf horizontal?,NAWL
70,1,overlap,verb,겹치다,Our schedules overlap this week.,Do the two classes overlap?,NAWL
70,2,interact,verb,상호작용하다,Children learn when they interact with others.,How do these two drugs interact?,NAWL
70,2,physician,noun,의사,The physician examined the patient carefully.,Is your physician available this afternoon?,NAWL
70,2,feedback,noun,피드백,The teacher gave helpful feedback on my essay.,Can I get some feedback on this?,NAWL
70,2,fraction,noun,분수,Students learn to add fractions in school.,Is one half a fraction?,NAWL
70,2,compact,adjective,소형의,This compact camera fits in my pocket.,Is the new car compact enough for you?,NAWL
70,3,valid,adjective,유효한,Is your ticket still valid?,This card is valid for one year.,NAWL
70,3,vertical,adjective,수직의,Draw a vertical line on the paper.,The building has many vertical windows.,NAWL
70,3,equality,noun,평등,Equality is important in every society.,Do you believe in equality for all people?,NAWL
70,3,fiber,noun,섬유,Vegetables are rich in fiber.,This shirt is made of natural fiber.,NAWL
70,3,infinite,adjective,무한한,The universe seems infinite to us.,Is the number of stars infinite?,NAWL
70,4,rotation,noun,회전,The earth's rotation causes day and night.,Each rotation of the wheel takes one second.,NAWL
70,4,atom,noun,원자,Everything is made of tiny atoms.,Can you see an atom with your eyes?,NAWL
70,4,biology,noun,생물학,He teaches biology at a high school.,Is biology your favorite subject?,NAWL
70,4,logical,adjective,논리적인,That is a logical answer.,Is it logical to wait until tomorrow?,NAWL
70,4,usage,noun,사용,Water usage rises in summer.,Check your phone's data usage every month.,NAWL
70,5,neutral,adjective,중립적인,The teacher stayed neutral during the debate.,Is he neutral on this issue?,NAWL
70,5,client,noun,고객,The lawyer met her client this morning.,How many clients does your company have?,NAWL
70,5,colony,noun,식민지,The island was once a colony.,Many colonies became independent nations.,NAWL
70,5,immune,adjective,면역의,Healthy food helps your immune system.,Are you immune to this virus now?,NAWL
70,5,overview,noun,개요,The first chapter gives an overview.,Can you give me a quick overview?,NAWL
70,6,widespread,adjective,널리 퍼진,There was widespread support for the plan.,Is this disease widespread in the region?,NAWL
70,6,partially,adverb,부분적으로,The window was partially open all night.,Was the project only partially finished?,NAWL
70,6,independently,adverb,독립적으로,She works independently from home.,Can the children study independently now?,NAWL
70,6,indirect,adjective,간접적인,He gave an indirect answer to my question.,Smoking has indirect effects on family members.,NAWL
70,6,calcium,noun,칼슘,Milk is a good source of calcium.,Do your bones need more calcium?,NAWL
70,7,assembly,noun,집회,The students gathered for the morning assembly.,Is there an assembly in the hall today?,NAWL
70,7,strictly,adverb,엄격하게,Phones are strictly banned during the test.,Do they strictly follow the rules here?,NAWL
70,7,availability,noun,이용 가능성,Please check the availability of the room.,Does availability depend on the season?,NAWL
70,7,cue,noun,신호,The actor waited for his cue to speak.,Was that my cue to leave?,NAWL
70,7,parental,adjective,부모의,Children need parental support to grow well.,Is parental permission required for the trip?,NAWL
71,1,ritual,noun,의식,Morning coffee is a daily ritual for me.,Does the festival include an old ritual?,NAWL
71,1,observer,noun,관찰자,An observer watched the whole experiment.,Were you an observer at the meeting?,NAWL
71,1,questionnaire,noun,설문지,Please fill in this short questionnaire.,Did every student complete the questionnaire?,NAWL
71,1,tense,adjective,긴장한,She felt tense before the exam.,Why is everyone so tense today?,NAWL
71,1,locally,adverb,현지에서,These vegetables are grown locally.,Is the bread made locally?,NAWL
71,2,nutrient,noun,영양소,Milk contains many important nutrients.,Plants take nutrients from the soil.,NAWL
71,2,dense,adjective,빽빽한,The forest was dark and dense.,The city has a dense population.,NAWL
71,2,informal,adjective,격식 없는,We had an informal meeting at lunch.,Is the dress code informal?,NAWL
71,2,agriculture,noun,농업,Agriculture is important to this region.,Did you study agriculture at college?,NAWL
71,2,occupation,noun,직업,Please write your occupation on the form.,What is your father's occupation?,NAWL
71,3,unstable,adjective,불안정한,The old chair is unstable.,Why is the market so unstable now?,NAWL
71,3,simplify,verb,단순화하다,Can you simplify this explanation?,We simplified the rules for new players.,NAWL
71,3,artificial,adjective,인공의,These flowers are artificial.,Do you prefer artificial or natural light?,NAWL
71,3,habitat,noun,서식지,Forests are the habitat of many animals.,Pollution destroys their natural habitat.,NAWL
71,3,assignment,noun,과제,I finished my assignment last night.,When is the assignment due?,NAWL
71,4,mechanical,adjective,기계의,The car has a mechanical problem.,Is this clock mechanical or electric?,NAWL
71,4,disability,noun,장애,She has a hearing disability.,The building has access for people with disabilities.,NAWL
71,4,correction,noun,수정,The teacher made a small correction.,The newspaper printed a correction today.,NAWL
71,4,hormone,noun,호르몬,This hormone helps you sleep at night.,Hormones control growth in the body.,NAWL
71,4,primitive,adjective,원시적인,They used primitive tools made of stone.,The camp was quite primitive.,NAWL
71,5,straightforward,adjective,간단한,The instructions were straightforward.,Is the process straightforward?,NAWL
71,5,separately,adverb,따로,Please pack the glasses separately.,Can we pay separately?,NAWL
71,5,mineral,noun,광물,This water contains many useful minerals.,Which mineral is found in these rocks?,NAWL
71,5,clone,noun,복제 생물,Scientists created a clone of the sheep.,Is this plant a clone of that one?,NAWL
71,5,productive,adjective,생산적인,We had a very productive meeting today.,Are you more productive in the morning?,NAWL
71,6,decay,verb,썩다,The old wood began to decay.,Why do teeth decay so quickly?,NAWL
71,6,resemble,verb,닮다,You really resemble your mother.,Does the child resemble her father?,NAWL
71,6,correctly,adverb,올바르게,Did I spell the word correctly?,She answered every question correctly.,NAWL
71,6,rejection,noun,거절,She was hurt by the rejection.,How did he handle the rejection?,NAWL
71,6,replacement,noun,교체,The replacement of the roof took a week.,Is the replacement of the parts expensive?,NAWL
71,7,amongst,preposition,~사이에,She sat amongst her friends.,Is he popular amongst the students?,NAWL
71,7,donor,noun,기증자,The donor gave blood twice this year.,Is the donor's name kept secret?,NAWL
71,7,peasant,noun,농민,Peasants worked the land for the king.,The peasants grew wheat and kept cattle.,NAWL
71,7,absorb,verb,흡수하다,This paper absorbs water quickly.,Do plants absorb light through their leaves?,NAWL
71,7,lifetime,noun,평생,He wrote many books in his lifetime.,Is this a lifetime guarantee?,NAWL
72,1,definite,adjective,확실한,We need a definite answer by tomorrow.,Is there a definite date for the meeting?,NAWL
72,1,rhythm,noun,리듬,The song has a strong rhythm.,Can you feel the rhythm of the music?,NAWL
72,1,ultimate,adjective,궁극적인,Our ultimate goal is world peace.,What is your ultimate dream?,NAWL
72,1,disadvantage,noun,불리한 점,Being late is a big disadvantage.,What is the main disadvantage of this plan?,NAWL
72,1,myth,noun,신화,Every culture has its own myths.,Do you know the myth about the sun?,NAWL
72,2,randomly,adverb,무작위로,The teacher randomly picked a student.,Were the names chosen randomly?,NAWL
72,2,pronounce,verb,발음하다,How do you pronounce this word?,She pronounces every word clearly.,NAWL
72,2,meaningful,adjective,의미 있는,We had a meaningful conversation last night.,Is this work meaningful to you?,NAWL
72,2,accent,noun,억양,He speaks with a strong accent.,Where does your accent come from?,NAWL
72,2,basin,noun,분지,The city sits in a wide basin.,Many farms lie in the river basin.,NAWL
72,3,admission,noun,입학,She got admission to a top university.,Is admission to this school difficult?,NAWL
72,3,interestingly,adverb,흥미롭게도,"Interestingly, the two answers were the same.","The results, interestingly, showed no change.",NAWL
72,3,grid,noun,격자,The map is divided into a grid.,Draw a grid on the paper first.,NAWL
72,3,positively,adverb,긍정적으로,She responded positively to the idea.,Did the class react positively to the change?,NAWL
72,3,accelerate,verb,가속하다,The car accelerated quickly down the road.,Can we accelerate the delivery of the order?,NAWL
72,4,socially,adverb,사회적으로,Smoking is socially accepted in some places.,He is socially active at school.,NAWL
72,4,accurately,adverb,정확하게,Please measure the room accurately.,Can you describe the man accurately?,NAWL
72,4,scholarship,noun,장학금,She won a scholarship to study abroad.,Did you apply for the scholarship?,NAWL
72,4,sodium,noun,나트륨,This soup contains too much sodium.,Does this food have a lot of sodium?,NAWL
72,4,importantly,adverb,중요하게,"More importantly, we finished on time.","Most importantly, is everyone safe?",NAWL
72,5,punishment,noun,처벌,The punishment for stealing was severe.,What punishment did the court give him?,NAWL
72,5,carrier,noun,운송 회사,The carrier delivered the package today.,Which carrier do you use for shipping?,NAWL
72,5,conserve,verb,아껴 쓰다,We should conserve water in summer.,How can we conserve energy at home?,NAWL
72,5,traditionally,adverb,전통적으로,"Traditionally, the family eats dinner together.",Is this dish traditionally served hot?,NAWL
72,5,hydrogen,noun,수소,Water contains hydrogen and oxygen.,Is hydrogen lighter than air?,NAWL
72,6,architect,noun,건축가,The architect designed a beautiful house.,Do you want to be an architect?,NAWL
72,6,breakdown,noun,고장,Our car had a breakdown on the road.,What caused the breakdown of the machine?,NAWL
72,6,inject,verb,주사하다,The nurse injected the medicine slowly.,Did the doctor inject you with something?,NAWL
72,6,economist,noun,경제학자,The economist predicted a slow year.,Is your father an economist?,NAWL
72,6,polar,adjective,극지의,Polar bears live on the ice.,Is the polar region getting warmer?,NAWL
72,7,multiply,verb,곱하다,Multiply the number by two.,Can you multiply large numbers in your head?,NAWL
72,7,physically,adverb,신체적으로,The job is physically hard.,Are you physically ready for the race?,NAWL
72,7,invasion,noun,침입,The old house had an invasion of mice.,An invasion of insects damaged the crops.,NAWL
72,7,actively,adverb,적극적으로,She actively supports the local school.,Are you actively looking for a job?,NAWL
72,7,elementary,adjective,기초적인,This is an elementary mistake.,Do you teach elementary math?,NAWL
73,1,flexibility,noun,유연성,This job offers a lot of flexibility.,Does exercise improve your flexibility?,NAWL
73,1,realistic,adjective,현실적인,Set a realistic goal for this month.,Is that plan realistic?,NAWL
73,1,ruler,noun,통치자,The ruler lived in a great castle.,Who was the first ruler of the empire?,NAWL
73,1,freely,adverb,자유롭게,People can travel freely between the countries.,Did she speak freely about her past?,NAWL
73,1,ancestor,noun,조상,My ancestors came from a small village.,Who was your oldest known ancestor?,NAWL
73,2,gravity,noun,중력,Gravity pulls the ball to the ground.,Why does gravity make things fall?,NAWL
73,2,physics,noun,물리학,She teaches physics at a high school.,Is physics harder than chemistry?,NAWL
73,2,slavery,noun,노예 제도,The law ended slavery many years ago.,We learned about slavery in history class.,NAWL
73,2,artistic,adjective,예술적인,She has great artistic talent.,Is your brother artistic too?,NAWL
73,2,antibiotic,noun,항생제,The doctor gave her an antibiotic.,Do antibiotics work against viruses?,NAWL
73,3,chemistry,noun,화학,She got a high score in chemistry.,Do you enjoy your chemistry class?,NAWL
73,3,goods,noun,상품,The store sells many kinds of goods.,Are these goods made in the factory?,NAWL
73,3,shortly,adverb,곧,The train will arrive shortly.,Will the doctor be here shortly?,NAWL
73,3,dissolve,verb,녹다,Salt dissolves quickly in warm water.,Does sugar dissolve in cold water?,NAWL
73,3,bargain,noun,싸게 산 물건,This jacket was a real bargain.,Did you find any bargains at the sale?,NAWL
73,4,individually,adverb,개별적으로,The teacher spoke to each student individually.,Should we pay individually or together?,NAWL
73,4,predator,noun,포식자,The lion is a powerful predator.,Which animals are predators in this forest?,NAWL
73,4,infinity,noun,무한,The road seemed to go on to infinity.,Can you count to infinity?,NAWL
73,4,bracket,noun,괄호,Put the number in brackets.,Why did you use brackets here?,NAWL
73,4,cure,verb,낫게 하다,This medicine can cure the illness.,Can doctors cure this disease now?,NAWL
73,5,incline,noun,경사,The road has a long incline.,We walked up the incline slowly.,NAWL
73,5,leisure,noun,여가,I read books in my leisure time.,What do you do for leisure?,NAWL
73,5,clue,noun,단서,The police found a new clue.,Can you give me a clue?,NAWL
73,5,bacteria,noun,세균,Bacteria can grow in warm food.,Does hot water kill bacteria?,NAWL
73,5,wisdom,noun,지혜,My grandmother shared her wisdom with me.,Age often brings wisdom.,NAWL
73,6,lifestyle,noun,생활 방식,A healthy lifestyle starts with good sleep.,Did your lifestyle change after moving?,NAWL
73,6,invert,verb,뒤집다,Invert the glass and wait a minute.,The picture was inverted by mistake.,NAWL
73,6,dilute,verb,묽게 하다,Dilute the paint with some water.,Did you dilute the coffee too much?,NAWL
73,6,onwards,adverb,이후로 계속,"From next week onwards, the shop opens early.",Is the price lower from tomorrow onwards?,NAWL
73,6,interrupt,verb,말을 끊다,Please don't interrupt me while I speak.,Why did he interrupt the meeting?,NAWL
73,7,layout,noun,배치,I like the layout of this kitchen.,Who designed the layout of the page?,NAWL
73,7,vague,adjective,모호한,His answer was too vague.,I have only a vague memory of it.,NAWL
73,7,unemployed,adjective,실직한,He has been unemployed since last spring.,Unemployed workers can apply for this program.,NAWL
73,7,toxic,adjective,유독한,The factory released toxic smoke into the air.,Some wild plants are toxic to animals.,NAWL
73,7,punish,verb,처벌하다,The teacher punished the boy for lying.,Should we punish children for small mistakes?,NAWL
74,1,processor,noun,처리 장치,This new phone has a faster processor.,The processor runs hot under heavy load.,NAWL
74,1,goodness,noun,선량함,Her goodness touched everyone in the village.,People still believe in basic human goodness.,NAWL
74,1,legend,noun,전설,The old legend tells of a hidden castle.,Every village has its own legends.,NAWL
74,1,media,noun,언론,The media reported the story quickly.,She works in the media.,NAWL
74,1,tempt,verb,유혹하다,The warm bed tempted me to stay.,Low prices tempt people to buy more.,NAWL
74,2,invade,verb,침입하다,Insects invaded the garden last summer.,"Every spring, insects invade the fields.",NAWL
74,2,altitude,noun,고도,The plane flew at a high altitude.,Breathing is harder at this altitude.,NAWL
74,2,gauge,noun,측정기,The fuel gauge shows an empty tank.,Check the gauge before you drive.,NAWL
74,2,sensible,adjective,분별 있는,That was a sensible decision.,Wear sensible shoes for the long walk.,NAWL
74,2,destination,noun,목적지,We reached our destination before dark.,The beach is a popular destination.,NAWL
74,3,seminar,noun,세미나,I attended a seminar on modern art.,How long will the seminar last?,NAWL
74,3,subtract,verb,빼다,Subtract the small number from the big one.,Did you subtract the tax from the total?,NAWL
74,3,appropriate,adjective,적절한,Please wear appropriate clothes to the interview.,Is this an appropriate time to call?,NGSL
74,3,element,noun,요소,Water is an important element of life.,Which element is the most important?,NGSL
74,3,committee,noun,위원회,The committee meets every week.,Who is on the new committee?,NGSL
74,4,trial,noun,재판,The trial starts next week.,Did you watch the trial on television?,NGSL
74,4,administration,noun,행정,She works in the school administration.,Who is in charge of administration here?,NGSL
74,4,context,noun,맥락,You need to understand the context first.,What is the context of this word?,NGSL
74,4,conduct,verb,실시하다,They conducted a survey last month.,Who will conduct the interview?,NGSL
74,4,executive,noun,임원,She is an executive at a large company.,The executives met to discuss the plan.,NGSL
74,5,primary,adjective,주된,Money is not my primary reason.,What is your primary goal this year?,NGSL
74,5,inform,verb,알리다,Please inform us of any changes.,Did anyone inform the teacher about it?,NGSL
74,5,principle,noun,원칙,He always follows his principles.,What is the basic principle here?,NGSL
74,5,appeal,noun,매력,The old town has a special appeal.,What is the appeal of this game?,NGSL
74,5,alternative,noun,대안,We need an alternative to driving.,Is there an alternative to this plan?,NGSL
74,6,observe,verb,관찰하다,The students observed the plants closely.,Did you observe any changes today?,NGSL
74,6,federal,adjective,연방의,The federal government pays for the road.,Is this a federal or state law?,NGSL
74,6,reveal,verb,드러내다,The report revealed some new facts.,She didn't reveal her plans to anyone.,NGSL
74,6,status,noun,지위,Her new job gave her higher status.,Does money really bring social status?,NGSL
74,6,decline,verb,줄어들다,Sales declined again last year.,Why did the number of students decline?,NGSL
74,7,consumer,noun,소비자,Consumers want lower prices.,Do consumers like this new product?,NGSL
74,7,institution,noun,기관,A bank is a financial institution.,The school is an old institution.,NGSL
74,7,grant,verb,허락하다,The teacher granted us more time.,Will they grant your request?,NGSL
74,7,sector,noun,부문,The health sector needs more workers.,Which sector do you work in?,NGSL
74,7,ensure,verb,보장하다,We must ensure everyone is safe.,How can we ensure good results?,NGSL
75,1,procedure,noun,절차,Please follow the procedure step by step.,What is the procedure for this?,NGSL
75,1,extent,noun,정도,To what extent do you agree?,I understand the extent of the problem.,NGSL
75,1,contrast,noun,대조,There is a big contrast between them.,Notice the contrast between the two colors.,NGSL
75,1,presence,noun,존재,Your presence at the meeting is important.,Did anyone notice my presence?,NGSL
75,1,category,noun,범주,Put each item in the right category.,Which category is this movie in?,NGSL
75,2,nuclear,adjective,핵의,The country built a nuclear power station.,Is nuclear energy safe?,NGSL
75,2,scale,noun,규모,The project is large in scale.,The scale of the damage was huge.,NGSL
75,2,requirement,noun,필요 조건,Experience is a requirement for this job.,What are the requirements for the course?,NGSL
75,2,emerge,verb,나타나다,New problems emerged after the meeting.,When did this idea first emerge?,NGSL
75,2,concept,noun,개념,This is a difficult concept to explain.,Do you understand the concept of time?,NGSL
75,3,reform,noun,개혁,The government announced a new reform.,Do people support the education reform?,NGSL
75,3,technique,noun,기법,She learned a new painting technique.,Which technique works best for you?,NGSL
75,3,consequence,noun,결과,Every choice has a consequence.,What were the consequences of the war?,NGSL
75,3,circumstance,noun,상황,"Under the circumstances, we did well.",The circumstances changed after the election.,NGSL
75,3,contribute,verb,기여하다,Everyone can contribute to the project.,How much did you contribute last year?,NGSL
75,4,adopt,verb,채택하다,The company adopted a new plan.,Why did they adopt this method?,NGSL
75,4,commercial,adjective,상업적인,The film was a commercial success.,Is this a commercial building?,NGSL
75,4,scheme,noun,계획,The new scheme helps young workers.,Did the scheme work well?,NGSL
75,4,demonstrate,verb,입증하다,The results demonstrate that the plan works.,Can you demonstrate that it is safe?,NGSL
75,4,contribution,noun,기여,Thank you for your contribution to the project.,Her contribution made a big difference.,NGSL
75,5,apparently,adverb,보아하니,"Apparently, the store closes early today.",He apparently forgot about our meeting.,NGSL
75,5,union,noun,노동조합,The union asked for higher pay.,Did the workers join the union?,NGSL
75,5,critical,adjective,매우 중요한,Water is critical for all living things.,This is a critical moment for the team.,NGSL
75,5,essential,adjective,필수적인,Water is essential for life.,Is a car essential in your city?,NGSL
75,5,promote,verb,홍보하다,The company promoted its new phone on television.,How will you promote the event?,NGSL
75,6,employ,verb,고용하다,The company employs many young workers.,How many people does the shop employ?,NGSL
75,6,engage,verb,참여하다,Students should engage in class discussions.,Do you engage in any sports?,NGSL
75,6,crisis,noun,위기,The country faced an economic crisis.,How did they handle the crisis?,NGSL
75,6,aid,noun,원조,Many countries sent aid to the region.,Do students receive financial aid here?,NGSL
75,6,investigation,noun,조사,The police started an investigation today.,Is the investigation finished yet?,NGSL
75,7,expand,verb,확장하다,The company wants to expand next year.,Did they expand the school library?,NGSL
75,7,commit,verb,저지르다,He committed a crime last year.,The police know who committed the crime.,NGSL
75,7,relatively,adverb,비교적,The test was relatively easy.,Is this hotel relatively cheap?,NGSL
75,7,consideration,noun,고려,Thank you for your consideration.,Price is an important consideration for us.,NGSL
75,7,revenue,noun,매출,The company's revenue grew last year.,Where does the school's revenue come from?,NGSL
76,1,enable,verb,가능하게 하다,This card enables you to enter the building.,Does money enable people to travel more?,NGSL
76,1,conclude,verb,결론을 내리다,The doctor concluded that I was fine.,What did the report conclude?,NGSL
76,1,environmental,adjective,환경의,Environmental problems affect everyone.,Is this an environmental group?,NGSL
76,1,invest,verb,투자하다,He invested his money in a small company.,Should I invest in this business?,NGSL
76,1,proceed,verb,진행하다,Let's proceed with the plan.,Shall we proceed to the next question?,NGSL
76,2,whereas,conjunction,~인 반면에,"I like summer, whereas he likes winter.","She drives to work, whereas I walk.",NGSL
76,2,finance,noun,금융,She works in finance.,Is finance a hard subject?,NGSL
76,2,manufacture,verb,제조하다,They manufacture cars in this city.,Where are these phones manufactured?,NGSL
76,2,objective,noun,목표,Our main objective is to win.,What is the objective of this test?,NGSL
76,2,moreover,adverb,게다가,"Moreover, the hotel is close to the sea.","He is kind and, moreover, very funny.",NGSL
76,3,oppose,verb,반대하다,Many people oppose the new plan.,Why do you oppose this idea?,NGSL
76,3,council,noun,의회,The city council meets every week.,Did the council agree to the plan?,NGSL
76,3,generate,verb,만들어 내다,The plant generates power for the town.,How do you generate new ideas?,NGSL
76,3,quote,verb,인용하다,She quoted a line from the book.,Can I quote you in my report?,NGSL
76,3,minister,noun,장관,The minister answered every question.,Who is the new education minister?,NGSL
76,4,affair,noun,문제,The government handles foreign affairs.,This is a private family affair.,NGSL
76,4,civil,adjective,시민의,Civil rights matter to all people.,Is civil society strong in your country?,NGSL
76,4,domestic,adjective,국내의,Domestic flights are cheaper than international ones.,Do you sell domestic products here?,NGSL
76,4,acquire,verb,얻다,The company acquired a small firm.,How did you acquire this skill?,NGSL
76,4,corporate,adjective,기업의,She works at the corporate office.,Is this a corporate event?,NGSL
76,5,representative,noun,대표,She is our representative at the meeting.,Who is the class representative this year?,NGSL
76,5,capacity,noun,수용 능력,The room has a capacity of fifty.,What is the capacity of this bus?,NGSL
76,5,assessment,noun,평가,The teacher gave a fair assessment.,When is the final assessment due?,NGSL
76,5,regulation,noun,규정,The new regulation starts next month.,Do you know the safety regulations here?,NGSL
76,5,component,noun,구성 요소,Each component of the machine matters.,This part is a key component.,NGSL
76,6,suspect,verb,의심하다,I suspect the answer is wrong.,Police suspect a young man.,NGSL
76,6,industrial,adjective,산업의,This is an industrial area.,Industrial waste can damage the river.,NGSL
76,6,perspective,noun,관점,Try to see it from my perspective.,Travel gives you a new perspective.,NGSL
76,6,assess,verb,평가하다,Teachers assess students every month.,How do you assess the damage?,NGSL
76,6,asset,noun,자산,The house is their biggest asset.,Is this land a company asset?,NGSL
76,7,relevant,adjective,관련 있는,Is this information relevant to us?,Only relevant facts were included.,NGSL
76,7,commitment,noun,헌신,She showed real commitment to her work.,His commitment to the team is clear.,NGSL
76,7,necessarily,adverb,반드시,Expensive things are not necessarily better.,You don't necessarily need a car.,NGSL
76,7,bond,noun,유대,The sisters have a strong bond.,How did the bond between them grow?,NGSL
76,7,internal,adjective,내부의,This is an internal company matter.,The report is for internal use only.,NGSL
77,1,division,noun,분할,The division of the land took years.,Was the division of money fair?,NGSL
77,1,investigate,verb,조사하다,Police will investigate the accident.,Did they investigate the cause of the fire?,NGSL
77,1,provision,noun,제공,The provision of clean water is important.,Who pays for the provision of food?,NGSL
77,1,export,verb,수출하다,The country exports cars and phones.,Do they export fish to other countries?,NGSL
77,1,consist,verb,이루어지다,The book consists of ten chapters.,What does the test consist of?,NGSL
77,2,moral,adjective,도덕적인,It was a moral question for him.,Do you think that was a moral choice?,NGSL
77,2,abuse,noun,남용,The new law limits the abuse of power.,Abuse of power is a serious problem.,NGSL
77,2,nevertheless,adverb,그럼에도 불구하고,"The test was hard; nevertheless, she passed.","Nevertheless, he decided to buy the car.",NGSL
77,2,largely,adverb,대체로,The plan was largely a success.,The town is largely quiet at night.,NGSL
77,2,judgment,noun,판단,I trust her judgment on money matters.,He made a quick judgment about the plan.,NGSL
77,3,approve,verb,승인하다,The board approved the new plan yesterday.,Who needs to approve this request?,NGSL
77,3,elect,verb,선출하다,The club will elect a new leader.,Who did they elect as president?,NGSL
77,3,characteristic,noun,특징,Being kind is her main characteristic.,What characteristics does a good leader have?,NGSL
77,3,identity,noun,정체성,Our culture is part of our identity.,Did the move change your sense of identity?,NGSL
77,3,commission,noun,위원회,The commission will meet next week.,Who leads the new commission?,NGSL
77,4,association,noun,협회,She joined the teachers' association last year.,Does the association meet every month?,NGSL
77,4,investor,noun,투자자,The investors liked our business plan.,Is she an investor in the company?,NGSL
77,4,employment,noun,고용,Many young people are looking for employment.,Is employment growing in this area?,NGSL
77,4,increasingly,adverb,점점 더,The city is becoming increasingly busy.,Why are phones becoming increasingly expensive?,NGSL
77,4,import,verb,수입하다,We import coffee from other countries.,Does your company import cars?,NGSL
77,5,notion,noun,개념,I like the notion of working from home.,Where did you get that notion?,NGSL
77,5,conservative,adjective,보수적인,My parents are quite conservative.,He wears very conservative clothes.,NGSL
77,5,opposition,noun,반대,The plan faced strong opposition from parents.,Why is there so much opposition?,NGSL
77,5,outcome,noun,결과,The outcome of the game surprised everyone.,What was the outcome of the meeting?,NGSL
77,5,arise,verb,생기다,Problems may arise during the trip.,A new question arose in the meeting.,NGSL
77,6,declare,verb,선언하다,The president declared a national holiday.,She declared that she was ready.,NGSL
77,6,analyze,verb,분석하다,Scientists analyzed the data carefully.,Let's analyze the results together.,NGSL
77,6,specifically,adverb,특별히,I specifically asked for a window seat.,This game was made specifically for children.,NGSL
77,6,proportion,noun,비율,A large proportion of students agreed.,What proportion of people drive to work?,NGSL
77,6,significantly,adverb,상당히,Prices rose significantly last year.,Did sales improve significantly this month?,NGSL
77,7,considerable,adjective,상당한,It took a considerable amount of time.,She has considerable experience in teaching.,NGSL
77,7,intelligence,noun,지능,Dogs show a high level of intelligence.,Is intelligence more important than effort?,NGSL
77,7,joint,adjective,공동의,They opened a joint bank account.,Was it a joint decision?,NGSL
77,7,poll,noun,여론 조사,The poll shows strong public support.,Did you take part in the poll?,NGSL
77,7,reduction,noun,감소,The price reduction attracted many customers.,Was there a reduction in traffic?,NGSL
78,1,justice,noun,정의,Everyone wants justice for the victim.,Is there justice in this decision?,NGSL
78,1,phase,noun,단계,This is the first phase of the plan.,Which phase are we in now?,NGSL
78,1,latter,adjective,후자의,The latter part of the book is better.,Do you prefer the former or the latter?,NGSL
78,1,index,noun,색인,Look up the word in the index.,Does this book have an index?,NGSL
78,1,impose,verb,부과하다,The government imposed a new tax on cars.,Why did they impose such a high fee?,NGSL
78,2,yield,verb,산출하다,The test yielded clear results.,Does this land yield good fruit?,NGSL
78,2,legislation,noun,법률,The new legislation protects workers.,Did the council pass the legislation?,NGSL
78,2,county,noun,군(행정 구역),The county has many small farms.,Which county do you live in?,NGSL
78,2,implement,verb,시행하다,The school will implement a new plan.,When did they implement the change?,NGSL
78,2,acknowledge,verb,인정하다,He acknowledged his mistake at once.,Did she acknowledge that the plan failed?,NGSL
78,3,academic,adjective,학업의,Her academic results were excellent.,Is the academic year over yet?,NGSL
78,3,furthermore,adverb,게다가,"Furthermore, the hotel is near the beach.","It is cheap and, furthermore, very clean.",NGSL
78,3,accuse,verb,고발하다,They accused the man of stealing money.,Why did they accuse her of lying?,NGSL
78,3,absence,noun,부재,Her absence from class was noticed.,Who will lead during his absence?,NGSL
78,3,remark,noun,발언,His remark made everyone laugh.,Did you hear her remark about the food?,NGSL
78,4,settlement,noun,합의,The two sides reached a settlement.,Was the settlement fair to the workers?,NGSL
78,4,estate,noun,넓은 사유지,The old man owned a large estate.,Does the estate have a big garden?,NGSL
78,4,resolve,verb,해결하다,We need to resolve this problem quickly.,Did they resolve the issue with the bank?,NGSL
78,4,pursue,verb,추구하다,She decided to pursue a career in music.,Why did he pursue that goal so hard?,NGSL
78,4,urge,verb,촉구하다,The doctor urged him to stop smoking.,I urge you to read this report.,NGSL
78,5,appoint,verb,임명하다,The board appointed a new director.,Who will they appoint as the manager?,NGSL
78,5,prior,adjective,이전의,Do you have any prior experience?,She had a prior meeting that morning.,NGSL
78,5,priority,noun,우선순위,Safety is our first priority.,What is your top priority this week?,NGSL
78,5,merely,adverb,단지,It was merely a small mistake.,She merely smiled and said nothing.,NGSL
78,5,resolution,noun,해결,They reached a resolution after a long talk.,Is there any resolution to this issue?,NGSL
78,6,immediate,adjective,즉각적인,The medicine had an immediate effect.,We need an immediate answer from them.,NGSL
78,6,incident,noun,사건,The police reported the incident quickly.,Was anyone hurt in the incident?,NGSL
78,6,accompany,verb,함께 가다,Will you accompany me to the hospital?,Her mother accompanied her to school.,NGSL
78,6,illustrate,verb,예시로 설명하다,Let me illustrate this with an example.,This chart illustrates the price changes clearly.,NGSL
78,6,imply,verb,암시하다,Are you implying that I was wrong?,His smile implied that he agreed.,NGSL
78,7,liberal,adjective,진보적인,She has liberal views on education.,The town is known for its liberal attitude.,NGSL
78,7,qualify,verb,자격을 얻다,She qualified as a nurse last year.,Did our team qualify for the final?,NGSL
78,7,competitive,adjective,경쟁이 치열한,The job market is very competitive now.,Getting into that university is very competitive.,NGSL
78,7,core,noun,핵심,Trust is the core of a good relationship.,What is the core of your argument?,NGSL
78,7,self,noun,자아,She finally found her true self.,Travel helps you discover your real self.,NGSL
79,1,existence,noun,존재,Few people knew about the company's existence.,Some doubt the existence of true love.,NGSL
79,1,panel,noun,토론자단,A panel of experts answered our questions.,Who will sit on the panel today?,NGSL
79,1,prime,adjective,가장 중요한,Safety is our prime concern here.,What is the prime reason for this?,NGSL
79,1,emphasize,verb,강조하다,The teacher emphasized the important points.,Why do you emphasize this rule so much?,NGSL
79,1,effectively,adverb,효과적으로,She manages her time very effectively.,How can we use this money effectively?,NGSL
79,2,initiative,noun,새로운 계획,The city started a new health initiative.,Who leads this initiative at your company?,NGSL
79,2,complicate,verb,복잡하게 하다,Don't complicate the plan with more rules.,Why does he always complicate simple things?,NGSL
79,2,discipline,noun,규율,Good discipline helps students learn better.,Learning a language takes a lot of discipline.,NGSL
79,2,assumption,noun,가정,Your assumption about him was wrong.,We made an assumption without checking the facts.,NGSL
79,2,reputation,noun,평판,The hotel has a very good reputation.,Does he care about his reputation?,NGSL
79,3,negotiation,noun,협상,The negotiation lasted for three hours.,Are the negotiations going well?,NGSL
79,3,mechanism,noun,작동 방식,The lock has a simple mechanism.,Can you explain the mechanism behind it?,NGSL
79,3,democracy,noun,민주주의,"In a democracy, people choose their leaders.",Do you think democracy works well here?,NGSL
79,3,observation,noun,관찰,Careful observation helps scientists learn.,She made an interesting observation about birds.,NGSL
79,3,implication,noun,숨은 뜻,What is the implication of his words?,I didn't understand the implication of her question.,NGSL
79,4,interaction,noun,상호 작용,Social interaction is good for children.,The teacher wants more interaction in class.,NGSL
79,4,fundamental,adjective,근본적인,Water is a fundamental need for life.,What are the fundamental rules of the game?,NGSL
79,4,capable,adjective,~할 수 있는,She is capable of great things.,Is he capable of running the company?,NGSL
79,4,enhance,verb,향상시키다,Good light enhances the picture.,Reading enhances your language skills.,NGSL
79,4,distinguish,verb,구별하다,Can you distinguish the two colors?,It is hard to distinguish them.,NGSL
79,5,substantial,adjective,상당한,He made a substantial amount of money.,There was a substantial change in price.,NGSL
79,5,manufacturer,noun,제조업체,The car manufacturer opened a new factory.,Which manufacturer made this phone?,NGSL
79,5,cope,verb,대처하다,How do you cope with stress?,She coped well with the change.,NGSL
79,5,approximately,adverb,대략,The trip takes approximately two hours.,Approximately fifty people came to the party.,NGSL
79,5,highlight,verb,부각시키다,The report highlights three main problems.,The news highlighted the water problem.,NGSL
79,6,corporation,noun,기업,She works for a large corporation.,The corporation has offices in many countries.,NGSL
79,6,encounter,verb,마주치다,We encountered a problem on the road.,Did you encounter any trouble there?,NGSL
79,6,urban,adjective,도시의,Many people enjoy urban life.,Is traffic bad in urban areas?,NGSL
79,6,output,noun,생산량,The factory increased its output this year.,What was the output last month?,NGSL
79,6,occupy,verb,차지하다,The big desk occupies half the room.,Do these boxes occupy too much space?,NGSL
79,7,sufficient,adjective,충분한,We have sufficient food for the weekend.,Is one hour sufficient for the test?,NGSL
79,7,preserve,verb,보존하다,We must preserve these old buildings.,How do you preserve fresh fruit?,NGSL
79,7,consistent,adjective,일관된,Her work is always consistent.,Are the results consistent with your theory?,NGSL
79,7,severe,adjective,심각한,The cold weather caused severe problems.,Is his back pain very severe?,NGSL
79,7,prospect,noun,전망,There is little prospect of rain today.,The prospect of a new job excites her.,NGSL
80,1,criteria,noun,기준,What are the criteria for this award?,The criteria for the job are clear.,NGSL
80,1,primarily,adverb,주로,The course is primarily for new students.,Is the book primarily about history?,NGSL
80,1,integrate,verb,통합하다,We need to integrate the two systems.,Can we integrate music into the lesson?,NGSL
80,1,criticism,noun,비판,The plan received a lot of criticism.,How do you handle criticism at work?,NGSL
80,1,convention,noun,관습,It is a social convention to shake hands.,Why do people follow this old convention?,NGSL
80,2,retain,verb,유지하다,The company wants to retain its best workers.,Does this material retain heat well?,NGSL
80,2,abandon,verb,버리고 떠나다,They abandoned the car in the snow.,Why did she abandon the old house?,NGSL
80,2,efficient,adjective,효율적인,This new machine is very efficient.,Is there a more efficient way?,NGSL
80,2,revolution,noun,혁명,The revolution changed the whole country.,Did the revolution change people's lives?,NGSL
80,2,premise,noun,전제,The premise of his argument is wrong.,What is the basic premise of the film?,NGSL
80,3,distribute,verb,나누어 주다,The teacher distributed the papers to us.,Who will distribute the food today?,NGSL
80,3,intellectual,adjective,지적인,Reading is a good intellectual exercise.,Do you enjoy intellectual conversations?,NGSL
80,3,derive,verb,~에서 얻다,She derives great pleasure from music.,Do you derive any benefit from this?,NGSL
80,3,crucial,adjective,매우 중요한,Sleep is crucial for good health.,Why is this meeting so crucial?,NGSL
80,3,unemployment,noun,실업,Unemployment fell again last month.,Is unemployment high in your country?,NGSL
80,4,minority,noun,소수,Only a minority of students agreed.,Are they a minority in the group?,NGSL
80,4,interpretation,noun,해석,Each reader has a different interpretation.,What is your interpretation of this sign?,NGSL
80,4,exhibit,verb,전시하다,The museum will exhibit her photos next month.,Where do they exhibit the new cars?,NGSL
80,4,negotiate,verb,협상하다,They negotiated a new price for the house.,Can we negotiate the terms of the deal?,NGSL
80,4,dominate,verb,지배하다,One team dominated the whole game.,Why does he always dominate the conversation?,NGSL
80,5,supplier,noun,공급업체,We found a new supplier for paper.,Is this supplier cheaper than the old one?,NGSL
80,5,pension,noun,연금,My father receives a small pension.,When will you start getting your pension?,NGSL
80,5,acquisition,noun,인수,The company announced a big acquisition today.,Was the acquisition good for the firm?,NGSL
80,5,recognition,noun,인정,Her hard work finally got recognition.,Did his work receive any recognition?,NGSL
80,5,respectively,adverb,각각,"The boys are ten and twelve, respectively.",The tickets cost five and ten dollars respectively.,NGSL
80,6,variation,noun,변화,There is some variation in the prices.,Did you notice any variation in temperature?,NGSL
80,6,ultimately,adverb,결국,"Ultimately, the choice is yours.",Did the plan ultimately succeed?,NGSL
80,6,representation,noun,표현,The map is a representation of the city.,Is this a fair representation of the facts?,NGSL
80,6,dispute,noun,분쟁,The two neighbors had a dispute over land.,Did they finally settle the dispute?,NGSL
80,6,agenda,noun,회의 안건,What is on the agenda for today?,The agenda has five items.,NGSL
80,7,emphasis,noun,강조,The school puts emphasis on reading.,Why is there so much emphasis on tests?,NGSL
80,7,undertake,verb,착수하다,The company will undertake a new project.,Who will undertake this difficult task?,NGSL
80,7,retail,noun,소매,She works in retail.,Retail prices went up this year.,NGSL
80,7,publication,noun,출판,The publication of the book was delayed.,When is the publication date?,NGSL
80,7,framework,noun,기본 틀,The law provides a framework for trade.,Does the plan have a clear framework?,NGSL
81,1,restrict,verb,제한하다,The new law restricts smoking in parks.,Why did they restrict access to the site?,NGSL
81,1,trace,verb,추적하다,Police traced the call to a house.,Can you trace the history of this word?,NGSL
81,1,equivalent,adjective,동등한,Two halves are equivalent to one whole.,Is your degree equivalent to ours?,NGSL
81,1,enterprise,noun,기업,She started a small enterprise last year.,The enterprise now employs many young workers.,NGSL
81,1,governor,noun,주지사,The governor spoke to the crowd today.,Who is the governor of your state?,NGSL
81,2,contemporary,adjective,현대의,She loves contemporary art and music.,Is this building a contemporary design?,NGSL
81,2,ease,verb,덜어 주다,This medicine will ease the pain quickly.,Did a short walk ease your stress?,NGSL
81,2,assure,verb,장담하다,I assure you the food is safe.,He assured us the train would arrive.,NGSL
81,2,numerous,adjective,수많은,He has made numerous mistakes this year.,Are there numerous hotels near the beach?,NGSL
81,2,submit,verb,제출하다,Please submit your report by tomorrow.,Did you submit the application online?,NGSL
81,3,virtually,adverb,사실상,The old shop is virtually empty now.,Virtually everyone in town knows her.,NGSL
81,3,era,noun,시대,This is the era of the computer.,Did that era end with the war?,NGSL
81,3,coverage,noun,보도,The election got a lot of news coverage.,Was there any coverage of the game?,NGSL
81,3,tension,noun,긴장,There was tension between the two teams.,Can you feel the tension in the room?,NGSL
81,3,isolate,verb,고립시키다,The storm isolated the small village.,Do not isolate yourself from your friends.,NGSL
81,4,eliminate,verb,없애다,We must eliminate all mistakes from the report.,How can we eliminate this problem?,NGSL
81,4,secondary,adjective,부차적인,Price is a secondary concern for us.,Is money a secondary issue here?,NGSL
81,4,welfare,noun,복지,The government spends money on welfare.,Do you care about animal welfare?,NGSL
81,4,recruit,verb,모집하다,The company will recruit ten new workers.,Did they recruit anyone last month?,NGSL
81,4,exclude,verb,제외하다,Please exclude tax from the total price.,Why did they exclude him from the team?,NGSL
81,5,hence,adverb,그러므로,"The road was closed, hence the delay.","He was sick, hence his absence today.",NGSL
81,5,phenomenon,noun,현상,Snow in summer is a strange phenomenon.,Is this a new phenomenon?,NGSL
81,5,restore,verb,복원하다,They restored the old church last year.,Can we restore the lost files?,NGSL
81,5,formula,noun,공식,Learn this formula before the test.,What is the formula for the area?,NGSL
81,5,alter,verb,변경하다,We had to alter our travel plans.,Did they alter the meeting time?,NGSL
81,6,perceive,verb,인식하다,People perceive the world in different ways.,How do you perceive this change?,NGSL
81,6,convert,verb,전환하다,They converted the old school into a hotel.,Can you convert dollars into pounds?,NGSL
81,6,devote,verb,바치다,She devotes her time to music.,How much time do you devote to study?,NGSL
81,6,justify,verb,정당화하다,Can you justify the high cost?,Nothing justifies that kind of behavior.,NGSL
81,6,vital,adjective,매우 중요한,Water is vital for all life.,Why is sleep so vital for health?,NGSL
81,7,external,adjective,외부의,The building needs external repairs.,Is this an external hard drive?,NGSL
81,7,underlie,verb,바탕이 되다,Fear underlies much of his anger.,What underlies this sudden change?,NGSL
81,7,distinction,noun,구별,There is a clear distinction between them.,He draws a distinction between work and play.,NGSL
81,7,incorporate,verb,포함시키다,We incorporated your ideas into the plan.,Can we incorporate more color here?,NGSL
81,7,obligation,noun,의무,We have an obligation to help them.,Is there any obligation to pay?,NGSL
82,1,evaluate,verb,평가하다,The teacher evaluates our work each week.,How do you evaluate a good plan?,NGSL
82,1,perception,noun,인식,Public perception of the company changed.,What is your perception of the city?,NGSL
82,1,currency,noun,화폐,What currency do they use there?,I need to exchange some currency.,NGSL
82,1,territory,noun,영토,The army entered enemy territory.,This island was once foreign territory.,NGSL
82,1,apparent,adjective,분명한,It was apparent that he was ill.,The problem soon became apparent to everyone.,NGSL
82,2,expansion,noun,확장,The company plans an expansion next year.,Is the expansion of the school finished?,NGSL
82,2,ratio,noun,비율,The ratio of boys to girls is equal.,What is the ratio of men to women?,NGSL
82,2,disorder,noun,장애,The doctor said he has a sleep disorder.,Is this disorder common among children?,NGSL
82,2,demonstration,noun,시위,A large demonstration filled the city square.,Did many students attend the demonstration?,NGSL
82,2,analyst,noun,분석가,The analyst expects prices to rise.,What did the analyst say about the market?,NGSL
82,3,transform,verb,완전히 바꾸다,The new road transformed our small town.,How did technology transform our daily lives?,NGSL
82,3,restriction,noun,제한,There is a restriction on water use.,Are there any restrictions on travel now?,NGSL
82,3,strain,noun,부담,Long hours put a strain on her health.,Is the extra work causing you strain?,NGSL
82,3,innovation,noun,혁신,The company is known for innovation.,What innovation changed your life the most?,NGSL
82,3,remarkable,adjective,놀라운,She made remarkable progress this year.,What a remarkable story that was!,NGSL
82,4,transition,noun,전환,The transition to college was hard.,The transition took several months.,NGSL
82,4,bid,noun,입찰,They made a bid for the house.,Our bid was too low.,NGSL
82,4,extraordinary,adjective,비범한,She has an extraordinary memory.,What an extraordinary day this was!,NGSL
82,4,reverse,verb,뒤집다,The court reversed its decision.,Can we reverse this change?,NGSL
82,4,pose,verb,제기하다,Smoking poses a risk to health.,Does this plan pose any problems?,NGSL
82,5,agricultural,adjective,농업의,This is an agricultural area.,Agricultural products are sold here.,NGSL
82,5,competitor,noun,경쟁자,Our biggest competitor opened a new store.,How many competitors joined the race?,NGSL
82,5,substance,noun,물질,Water is a common substance on earth.,What substance is this made of?,NGSL
82,5,extensive,adjective,광범위한,The house needs extensive repairs.,He has extensive knowledge of history.,NGSL
82,5,interpret,verb,해석하다,How do you interpret this poem?,She interpreted the results for us.,NGSL
82,6,consult,verb,상담하다,You should consult a doctor about that.,Did you consult your parents first?,NGSL
82,6,intervention,noun,개입,The government's intervention saved the bank.,Early intervention helps children learn faster.,NGSL
82,6,vice,noun,나쁜 버릇,Smoking is his only vice.,Do you have any secret vices?,NGSL
82,6,radical,adjective,급진적인,The company made radical changes this year.,His ideas were too radical for them.,NGSL
82,6,dimension,noun,차원,This adds a new dimension to the problem.,A box has three dimensions.,NGSL
82,7,subsequent,adjective,그 이후의,Subsequent events proved him right.,The subsequent meeting was much shorter.,NGSL
82,7,efficiency,noun,효율,The new machine improved our efficiency.,How can we increase efficiency at work?,NGSL
82,7,statistic,noun,통계,This statistic shows a rise in sales.,Do you trust these statistics?,NGSL
82,7,ally,noun,동맹국,The two countries have been allies for years.,Is that nation an ally of ours?,NGSL
82,7,sustain,verb,지속하다,Can the team sustain this pace?,Good habits sustain a healthy life.,NGSL
83,1,cite,verb,인용하다,Please cite your sources in the essay.,The report cites several recent studies.,NGSL
83,1,accurate,adjective,정확한,Is this map accurate and up to date?,The weather report was accurate today.,NGSL
83,1,burden,noun,부담,The debt became a heavy burden.,I don't want to be a burden.,NGSL
83,1,shareholder,noun,주주,The shareholders meet once a year.,Each shareholder receives a yearly report.,NGSL
83,1,resistance,noun,저항,The plan met strong resistance from workers.,There was little resistance to the change.,NGSL
83,2,frequency,noun,빈도,The frequency of storms is increasing.,What is the frequency of these meetings?,NGSL
83,2,criticize,verb,비판하다,Don't criticize him in front of others.,Why do you always criticize my cooking?,NGSL
83,2,philosophy,noun,철학,He studied philosophy at university.,What is your philosophy of life?,NGSL
83,2,attribute,verb,~때문이라고 보다,They attribute their success to hard work.,She attributed the mistake to stress.,NGSL
83,2,approval,noun,승인,The plan needs approval from the board.,Did you get approval for the trip?,NGSL
83,3,entitle,verb,자격을 주다,This ticket entitles you to one free drink.,Members are entitled to a discount.,NGSL
83,3,involvement,noun,관여,Her involvement in the project was key.,Parents' involvement helps children learn.,NGSL
83,3,exposure,noun,노출,Too much sun exposure can harm your skin.,The company got a lot of media exposure.,NGSL
83,3,conventional,adjective,관습적인,They used conventional methods to build it.,She prefers conventional medicine to new treatments.,NGSL
83,3,formation,noun,형성,The formation of ice takes time.,We studied the formation of new stars.,NGSL
83,4,deposit,noun,보증금,We paid a deposit for the apartment.,Is the deposit returned when you leave?,NGSL
83,4,advocate,noun,옹호자,She is a strong advocate for animal rights.,He became an advocate for clean energy.,NGSL
83,4,establishment,noun,설립,The establishment of the school took years.,We celebrated the establishment of our company.,NGSL
83,4,characterize,verb,특징짓다,Long winters characterize this region.,How would you characterize his style?,NGSL
83,4,specify,verb,명시하다,Please specify the date and time.,The rules specify who can enter.,NGSL
83,5,anticipate,verb,예상하다,We anticipate a busy weekend at the shop.,Did you anticipate this problem?,NGSL
83,5,dependent,adjective,의존하는,The child is still dependent on her parents.,Our plans are dependent on the weather.,NGSL
83,5,specialize,verb,전문으로 하다,This shop specializes in fresh bread.,Which area do you specialize in?,NGSL
83,5,offense,noun,범죄,Driving too fast is a serious offense.,Was this his first offense?,NGSL
83,5,detect,verb,감지하다,The machine can detect smoke in the room.,Did the doctor detect any problems?,NGSL
83,6,moderate,adjective,적당한,We walked at a moderate speed.,The price of the hotel was moderate.,NGSL
83,6,significance,noun,중요성,The teacher explained the significance of the event.,What is the significance of this date?,NGSL
83,6,universal,adjective,보편적인,Music is a universal language.,Is love a universal human feeling?,NGSL
83,6,constitute,verb,구성하다,Women constitute half of the staff.,These ten people constitute the committee.,NGSL
83,6,adequate,adjective,충분한,The room has adequate light for reading.,Is the food supply adequate for everyone?,NGSL
83,7,consultant,noun,상담 전문가,The company hired a consultant last month.,Does a consultant earn a high salary?,NGSL
83,7,visual,adjective,시각적인,The report includes visual charts.,Do you learn better from visual images?,NGSL
83,7,ethnic,adjective,민족의,The city has many ethnic restaurants.,They celebrate their ethnic traditions every spring.,NGSL
83,7,segment,noun,부분,This segment of the road is closed.,Which segment of the market is growing?,NGSL
83,7,prompt,verb,촉발하다,The news prompted many questions.,What prompted you to change jobs?,NGSL
84,1,venture,noun,모험적 사업,Their new venture failed within a year.,Is the new venture making money?,NGSL
84,1,preference,noun,선호,Do you have a preference for tea?,My preference is the blue one.,NGSL
84,1,comprehensive,adjective,포괄적인,The report gives a comprehensive review.,Is this guide comprehensive enough?,NGSL
84,1,incentive,noun,장려책,The company offers incentives to good workers.,What incentive do students have to study?,NGSL
84,1,dismiss,verb,일축하다,He dismissed the idea as too expensive.,Why did they dismiss her suggestion?,NGSL
84,2,capability,noun,능력,The new phone has great camera capability.,Does this team have the capability to win?,NGSL
84,2,absolute,adjective,완전한,There was absolute silence in the room.,Is that the absolute truth?,NGSL
84,2,correspond,verb,일치하다,The numbers correspond to the pages.,Does the map correspond to the real streets?,NGSL
84,2,stroke,noun,뇌졸중,My father had a stroke last year.,A stroke can damage the brain quickly.,NGSL
84,2,counsel,noun,조언,She gave me wise counsel about my job.,Whose counsel do you trust the most?,NGSL
84,3,tendency,noun,경향,He has a tendency to talk too much.,Children have a tendency to copy adults.,NGSL
84,3,possess,verb,소유하다,He possesses a large collection of old books.,Do you possess a driver's license?,NGSL
84,3,evolution,noun,진화,The evolution of animals happened very slowly.,We studied the evolution of the human brain.,NGSL
84,3,awareness,noun,인식,The campaign raised awareness of the disease.,Public awareness of pollution is growing.,NGSL
84,3,journal,noun,학술지,Her study appeared in a science journal.,Which medical journal published the report?,NGSL
84,4,privilege,noun,특권,Meeting her was a real privilege.,Do only members get this privilege?,NGSL
84,4,mutual,adjective,서로의,They have a mutual friend at work.,Our respect is mutual.,NGSL
84,4,mortgage,noun,주택 담보 대출,They pay their mortgage every month.,How long is your mortgage?,NGSL
84,4,fulfill,verb,이루다,He finally fulfilled his dream of flying.,Did the company fulfill its promise?,NGSL
84,4,dedicate,verb,바치다,She dedicated her life to helping children.,Who did he dedicate the song to?,NGSL
84,5,evaluation,noun,평가,The teacher wrote an evaluation of each student.,When is your next job evaluation?,NGSL
84,5,compromise,noun,타협,They finally reached a compromise.,Is a compromise possible between them?,NGSL
84,5,genetic,adjective,유전적인,The disease has a genetic cause.,Is hair color a genetic feature?,NGSL
84,5,literary,adjective,문학의,She won a literary prize last year.,Do you read literary magazines?,NGSL
84,5,govern,verb,통치하다,Who will govern the country next year?,The king governed the land for fifty years.,NGSL
84,6,compensation,noun,보상,She received compensation for her injury.,How much compensation did the company pay?,NGSL
84,6,deficit,noun,적자,The government has a large budget deficit.,How will they reduce the deficit?,NGSL
84,6,modify,verb,수정하다,We need to modify the plan slightly.,Can you modify the design by tomorrow?,NGSL
84,6,literally,adverb,말 그대로,The house was literally falling apart.,She literally ran all the way home.,NGSL
84,6,equation,noun,방정식,Can you solve this equation for me?,The teacher wrote an equation on the board.,NGSL
84,7,assign,verb,배정하다,The teacher assigned extra work for the weekend.,Who assigned you to this project?,NGSL
84,7,inflation,noun,물가 상승,Inflation is rising faster this year.,How does inflation affect food prices?,NGSL
84,7,historic,adjective,역사적인,They signed a historic agreement today.,This is a historic moment for the city.,NGSL
84,7,personnel,noun,직원,All personnel must sign in at the door.,The personnel office is on the second floor.,NGSL
84,7,insight,noun,통찰력,The book gives great insight into history.,Her insight helped us solve the problem.,NGSL
85,1,tackle,verb,씨름하다,We must tackle this problem now.,How will you tackle the issue?,NGSL
85,1,exceed,verb,넘어서다,Sales exceeded our expectations this year.,Do not exceed the speed limit.,NGSL
85,1,expenditure,noun,지출,Government expenditure on health increased.,Our expenditure exceeded our income last month.,NGSL
85,1,psychological,adjective,심리적인,Stress can cause psychological problems.,Is the pain physical or psychological?,NGSL
85,1,dramatically,adverb,극적으로,Prices rose dramatically last year.,Her life changed dramatically after college.,NGSL
85,2,stake,noun,지분,He owns a stake in the company.,Does she have a stake in this deal?,NGSL
85,2,partnership,noun,협력 관계,The two companies formed a partnership.,Our partnership has lasted many years.,NGSL
85,2,participation,noun,참여,Thank you for your participation today.,Class participation is part of your grade.,NGSL
85,2,clause,noun,조항,Read every clause in the contract.,Which clause covers late payment?,NGSL
85,2,chamber,noun,회의장,The council met in the main chamber.,The chamber was full of members.,NGSL
85,3,evolve,verb,진화하다,Birds evolved from ancient animals.,How did this language evolve?,NGSL
85,3,possession,noun,소유물,This old watch is my favorite possession.,They lost all their possessions in the flood.,NGSL
85,3,boom,noun,호황,The city grew fast during the housing boom.,Was there a boom in sales last year?,NGSL
85,3,democratic,adjective,민주적인,They want a more democratic way of deciding.,The country held its first democratic election.,NGSL
85,3,consequently,adverb,그 결과,He missed the bus and consequently arrived late.,"Prices rose, and consequently sales fell.",NGSL
85,4,whilst,conjunction,~하는 동안,She read whilst waiting for the bus.,"Whilst I cook, can you set the table?",NGSL
85,4,constraint,noun,제약,Time is the biggest constraint on this project.,We must work within these budget constraints.,NGSL
85,4,undergo,verb,겪다,The building will undergo major repairs next year.,She underwent surgery on her knee last week.,NGSL
85,4,potentially,adverb,잠재적으로,This plan could potentially save us money.,It is a potentially serious problem.,NGSL
85,4,scope,noun,범위,That is beyond the scope of this class.,What is the scope of your research?,NGSL
85,5,diversity,noun,다양성,Our school celebrates the diversity of its students.,The city is known for its diversity.,NGSL
85,5,allege,verb,주장하다,The report alleges that the company hid losses.,She alleges that her boss stole the money.,NGSL
85,5,inquiry,noun,문의,We received many inquiries about the new phone.,Please send your inquiry by email.,NGSL
85,5,resign,verb,사임하다,The manager resigned after ten years of work.,Why did she resign from her job?,NGSL
85,5,concrete,adjective,구체적인,Give me a concrete example of your plan.,We need concrete evidence before we decide.,NGSL
85,6,distinct,adjective,뚜렷이 다른,The two plans are quite distinct.,Is her voice distinct from his?,NGSL
85,6,limitation,noun,한계,Every plan has its limitations.,What are the limitations of this method?,NGSL
85,6,indication,noun,징후,There is no indication of rain today.,Is this an indication of trouble?,NGSL
85,6,stability,noun,안정,Children need stability at home.,The new job gave her stability.,NGSL
85,6,neglect,verb,소홀히 하다,Don't neglect your health.,He neglected his garden all summer.,NGSL
85,7,compose,verb,구성하다,The team is composed of ten players.,What is this material composed of?,NGSL
85,7,mere,adjective,~에 불과한,He is a mere child.,They won by a mere two points.,NGSL
85,7,regulate,verb,규제하다,The government regulates the food industry.,Who regulates the banks here?,NGSL
85,7,trigger,verb,유발하다,Stress can trigger illness.,What triggered the alarm?,NGSL
85,7,species,noun,생물의 종,This bird species is very rare.,How many species live in this forest?,NGSL
86,1,presumably,adverb,아마도,"Presumably, she has already left.",The store is presumably closed now.,NGSL
86,1,amendment,noun,수정안,The committee approved the amendment.,Did they pass the amendment to the law?,NGSL
86,1,civilian,noun,민간인,Many civilians live near the army camp.,Was he a soldier or a civilian?,NGSL
86,1,composition,noun,구성,The composition of the team changed last year.,What is the composition of this soil?,NGSL
86,1,regardless,adverb,상관없이,We will go regardless of the weather.,She kept working regardless of the pain.,NGSL
86,2,racial,adjective,인종의,The city has many racial groups.,Racial equality matters to everyone.,NGSL
86,2,sanction,noun,제재,The sanctions hurt the country's economy.,Did the government lift the sanctions?,NGSL
86,2,stimulate,verb,자극하다,Coffee stimulates the brain.,How can we stimulate the local economy?,NGSL
86,2,narrative,noun,서사,Her book has a strong narrative.,Does the film have a clear narrative?,NGSL
86,2,excess,noun,과잉,Remove the excess water before cooking.,An excess of sugar is bad for you.,NGSL
86,3,complexity,noun,복잡함,The complexity of the problem surprised us.,Does the complexity of the rules bother you?,NGSL
86,3,liability,noun,법적 책임,The company accepted liability for the damage.,Will the store accept liability for the loss?,NGSL
86,3,extract,verb,뽑아내다,They extract oil from the ground.,Can you extract the data from this file?,NGSL
86,3,implementation,noun,실행,The implementation of the plan starts tomorrow.,Who is responsible for the implementation?,NGSL
86,3,bias,noun,편견,The report shows a clear bias.,Does the judge have any bias?,NGSL
86,4,guideline,noun,지침,Please follow the safety guidelines.,Are there guidelines for new employees?,NGSL
86,4,biological,adjective,생물학적인,Sleep is a basic biological need.,Is this change a biological process?,NGSL
86,4,consume,verb,소비하다,Cars consume a lot of fuel.,How much water do you consume daily?,NGSL
86,4,determination,noun,굳은 의지,Her determination to succeed was clear.,Does he have the determination to finish?,NGSL
86,4,altogether,adverb,완전히,That is a different matter altogether.,Did she stop eating sugar altogether?,NGSL
86,5,cluster,noun,무리,A cluster of stars appeared in the sky.,We saw a cluster of small houses.,NGSL
86,5,logic,noun,논리,I cannot follow the logic of his argument.,Is there any logic in this plan?,NGSL
86,5,controversial,adjective,논란이 많은,The new law is very controversial.,Why is this movie so controversial?,NGSL
86,5,genuine,adjective,진짜의,Is this a genuine gold ring?,She showed genuine interest in the project.,NGSL
86,5,adjustment,noun,조정,We made a small adjustment to the plan.,Does the machine need an adjustment?,NGSL
86,6,abstract,adjective,추상적인,She likes abstract art very much.,Is that idea too abstract for kids?,NGSL
86,6,situate,verb,위치시키다,The school is situated near the river.,Where is the new hotel situated?,NGSL
86,6,probability,noun,확률,The probability of rain is very high today.,What is the probability of winning?,NGSL
86,6,uncertainty,noun,불확실성,There is still uncertainty about the plan.,How do you deal with uncertainty?,NGSL
86,6,comprise,verb,~로 구성되다,The house comprises four small rooms.,Does the team comprise ten players?,NGSL
86,7,experimental,adjective,실험적인,The new drug is still experimental.,Do you like experimental music?,NGSL
86,7,institutional,adjective,제도적인,The country needs institutional change.,Is there institutional support for the plan?,NGSL
86,7,subsequently,adverb,그 후에,He subsequently moved to another city.,The plan was subsequently changed.,NGSL
86,7,ownership,noun,소유권,Who has ownership of this land?,Ownership of the house changed last year.,NGSL
86,7,qualification,noun,자격,What qualifications do you need for this job?,She has the right qualifications for teaching.,NGSL
87,1,suspend,verb,중단하다,Play was suspended because of rain.,They suspended the service during the storm.,NGSL
87,1,functional,adjective,기능적인,The kitchen is simple and functional.,Is the old phone still functional?,NGSL
87,1,voluntary,adjective,자발적인,He does voluntary work at the hospital.,Is joining the club voluntary?,NGSL
87,1,structural,adjective,구조적인,The old building has structural problems.,Are there structural changes in the company?,NGSL
87,1,compute,verb,계산하다,The program computes the total cost.,Can you compute the average quickly?,NGSL
87,2,theoretical,adjective,이론적인,This is only a theoretical idea.,Is the risk real or theoretical?,NGSL
87,2,immigration,noun,이민,Immigration to the city grew last year.,The immigration office is near the station.,NGSL
87,2,faithfully,adverb,충실하게,He faithfully visited his grandmother every week.,The dog waited faithfully by the door.,NGSL
87,2,insure,verb,보험에 들다,You should insure your new car.,Is the house insured against fire?,NGSL
87,2,found,verb,설립하다,She founded the company twenty years ago.,Who founded this school?,NGSL
87,3,obtain,verb,얻다,You must obtain permission first.,How did you obtain this information?,NAWL
87,3,distribution,noun,분포,The chart shows the age distribution.,The distribution of income is not equal.,NAWL
87,3,aspect,noun,측면,We discussed every aspect of the plan.,Which aspect of the job is hardest?,NAWL
87,3,dynamic,adjective,역동적인,The city has a dynamic economy.,She is a dynamic and creative leader.,NAWL
87,3,domain,noun,영역,This question is outside my domain.,Which domain does your research cover?,NAWL
87,4,authority,noun,권한,The manager has the authority to decide.,Who gave you the authority to do this?,NAWL
87,4,induce,verb,유발하다,Stress can induce many health problems.,What induced the change in his behavior?,NAWL
87,4,interval,noun,간격,The buses run at regular intervals.,What is the interval between the tests?,NAWL
87,4,finite,adjective,유한한,Oil is a finite resource.,Is the number of stars finite?,NAWL
87,4,fluid,noun,유체,The fluid moves through the pipe slowly.,Does the fluid flow faster when hot?,NAWL
87,5,bound,adjective,틀림없이 ~할,It is bound to rain tomorrow.,Aren't prices bound to rise soon?,NAWL
87,5,transformation,noun,탈바꿈,The city has undergone a huge transformation.,What caused this transformation in her?,NAWL
87,5,simulation,noun,모의 실험,The computer simulation predicts the weather.,Did you run the simulation again?,NAWL
87,5,regime,noun,정권,The old regime fell after the war.,Did the new regime change the law?,NAWL
87,5,intensity,noun,강도,The intensity of the light was too high.,Did the pain intensity go down?,NAWL
87,6,diagnosis,noun,진단,The doctor gave a clear diagnosis today.,Was the diagnosis correct?,NAWL
87,6,identification,noun,식별,Early identification of the disease saves lives.,How does identification of the virus work?,NAWL
87,6,partial,adjective,부분적인,We got only partial results yesterday.,Is this a partial or full payment?,NAWL
87,6,particle,noun,입자,Dust particles float in the air.,How small is a particle of light?,NAWL
87,6,duration,noun,지속 시간,The duration of the test is one hour.,What was the duration of your trip?,NAWL
87,7,consumption,noun,소비,Energy consumption rises in summer.,Has your coffee consumption gone up?,NAWL
87,7,sensitivity,noun,민감도,Her skin has a high sensitivity to sunlight.,Does he have a sensitivity to loud noise?,NAWL
87,7,similarity,noun,유사점,I see a similarity between the two cases.,What similarities do the two plans share?,NAWL
87,7,optimal,adjective,최적의,What is the optimal temperature for tea?,We found the optimal price for the product.,NAWL
87,7,explicit,adjective,명시적인,The teacher gave explicit instructions.,Was the rule explicit in the contract?,NAWL
88,1,colonial,adjective,식민지의,The city has many colonial buildings.,Was this a colonial port in the past?,NAWL
88,1,onset,noun,시작,The onset of winter came early this year.,When was the onset of the symptoms?,NAWL
88,1,integration,noun,통합,Integration of new data takes time.,Is the system integration complete yet?,NAWL
88,1,dominant,adjective,지배적인,The dominant color here is blue.,Which team was dominant last year?,NAWL
88,1,coordinate,verb,조정하다,She will coordinate the whole event.,Who coordinates the team meetings?,NAWL
88,2,precede,verb,앞서다,Spring precedes summer every year.,A short talk preceded the dinner.,NAWL
88,2,inequality,noun,불평등,Income inequality is growing in many countries.,How can we reduce inequality in schools?,NAWL
88,2,generalize,verb,일반화하다,Do not generalize from one example.,Can we generalize these results to everyone?,NAWL
88,2,norm,noun,규범,Late dinners are the norm here.,Social norms differ from country to country.,NAWL
88,2,trait,noun,특성,Being honest is her best trait.,Which traits do you like in friends?,NAWL
88,3,correspondence,noun,일치,The two lists show a close correspondence.,Is there any correspondence between age and height?,NAWL
88,3,essentially,adverb,본질적으로,The two plans are essentially the same.,"Essentially, we need more time.",NAWL
88,3,syllable,noun,음절,This word has three syllables.,How many syllables does your name have?,NAWL
88,3,numerical,adjective,숫자로 된,Please put the data in numerical order.,Is there a numerical value for this?,NAWL
88,3,namely,adverb,즉,"Two people came, namely my brother and sister.","One thing is missing, namely the key.",NAWL
88,4,intermediate,adjective,중간의,The intermediate stage takes about two weeks.,Is there an intermediate level between these?,NAWL
88,4,transmission,noun,전달,The transmission of the virus was fast.,Data transmission takes only a second.,NAWL
88,4,occurrence,noun,발생,Rain is a common occurrence in spring.,Is this a rare occurrence here?,NAWL
88,4,maternal,adjective,어머니의,Maternal health is important during pregnancy.,Is maternal age a factor here?,NAWL
88,4,axis,noun,축,The earth turns on its axis.,Which axis shows the time?,NAWL
88,5,rational,adjective,합리적인,She made a rational decision.,Is that a rational choice?,NAWL
88,5,thesis,noun,논문,She is writing her thesis now.,Did you finish your thesis yet?,NAWL
88,5,classification,noun,분류,The classification of animals takes time.,What classification does this plant have?,NAWL
88,5,threshold,noun,한계점,Everyone has a different pain threshold.,Her income is below the tax threshold.,NAWL
88,5,activate,verb,활성화하다,Press this button to activate the device.,Did you activate your new card?,NAWL
88,6,adolescent,noun,청소년,Adolescents need plenty of sleep.,Do adolescents need more sleep than adults?,NAWL
88,6,facilitate,verb,촉진하다,Technology facilitates communication between people.,Good teachers facilitate learning.,NAWL
88,6,grammatical,adjective,문법적인,The sentence has a grammatical error.,Is this sentence grammatical?,NAWL
88,6,accuracy,noun,정확성,"The test measures accuracy, not speed.",How can we improve the accuracy?,NAWL
88,6,adaptation,noun,적응,Adaptation to a new city takes time.,Many animals show adaptation to the cold.,NAWL
88,7,minimal,adjective,최소한의,The damage to the car was minimal.,Keep changes minimal for now.,NAWL
88,7,systematic,adjective,체계적인,We need a systematic approach to this.,Was the search systematic?,NAWL
88,7,projection,noun,전망,The sales projection looks positive this year.,Is this projection based on real data?,NAWL
88,7,diameter,noun,지름,The circle has a diameter of ten inches.,What is the diameter of the pipe?,NAWL
88,7,dependence,noun,의존,His dependence on coffee is growing.,Dependence on one supplier is dangerous.,NAWL
89,1,organism,noun,생물,Every living organism needs water.,Is a virus a living organism?,NAWL
89,1,emergence,noun,출현,The emergence of new technology changed everything.,We saw the emergence of a new leader.,NAWL
89,1,substitution,noun,대체,The substitution of one player changed the game.,The recipe allows substitution of some ingredients.,NAWL
89,1,explicitly,adverb,명시적으로,She explicitly said no to the plan.,Did he explicitly agree to help?,NAWL
89,1,evident,adjective,분명한,It was evident that she was tired.,His talent is evident to everyone.,NAWL
89,2,detection,noun,탐지,Early detection of disease saves lives.,The detection of the error took hours.,NAWL
89,2,chronic,adjective,만성적인,He suffers from chronic back pain.,Is her illness chronic or temporary?,NAWL
89,2,integral,adjective,필수적인,Music is an integral part of the festival.,She is integral to the team's success.,NAWL
89,2,conception,noun,개념,Her conception of success is different from mine.,What is your conception of a good life?,NAWL
89,2,ideology,noun,이념,Every party has its own political ideology.,Their ideology shaped how they governed.,NAWL
89,3,instability,noun,불안정,Political instability hurt the economy.,The instability of prices worried farmers.,NAWL
89,3,mediate,verb,중재하다,She tried to mediate between the two sides.,Can you mediate this argument between them?,NAWL
89,3,specification,noun,사양,Read the specification before you build it.,The specification lists every part needed.,NAWL
89,3,classify,verb,분류하다,We classify animals by their features.,How do you classify these plants?,NAWL
89,3,oral,adjective,구두의,The oral exam lasted twenty minutes.,Do you prefer oral or written tests?,NAWL
89,4,indicator,noun,지표,Price is a good indicator of quality.,Unemployment is a key economic indicator.,NAWL
89,4,variant,noun,변종,A new variant of the virus appeared.,This word has a spelling variant.,NAWL
89,4,collective,adjective,집단의,It was a collective decision by the team.,Collective effort made the project a success.,NAWL
89,4,arbitrary,adjective,임의의,The choice of color was purely arbitrary.,Why is the rule so arbitrary?,NAWL
89,4,estimation,noun,추정,Cost estimation is part of every project.,Their estimation of the crowd size was wrong.,NAWL
89,5,thereby,adverb,그렇게 함으로써,She spoke slowly and thereby helped us understand.,"We left early, thereby avoiding the traffic.",NAWL
89,5,defect,noun,결함,The phone had a small defect.,Did you find any defects in the product?,NAWL
89,5,separation,noun,분리,The two layers show a clear separation.,Keep a clear separation between work and home.,NAWL
89,5,sufficiently,adverb,충분히,Is the water sufficiently hot for tea?,She was sufficiently prepared for the exam.,NAWL
89,5,interface,noun,조작 화면,The program has a simple interface.,Do you like the new interface?,NAWL
89,6,radiation,noun,방사선,Radiation can be dangerous to the body.,The doctor used radiation to treat the cancer.,NAWL
89,6,embed,verb,끼워 넣다,You can embed a video in the page.,The stone was embedded in the wall.,NAWL
89,6,utility,noun,유용성,The utility of this tool is clear.,What is the utility of learning grammar?,NAWL
89,6,complement,verb,보완하다,The red shoes complement her dress well.,Do these colors complement each other?,NAWL
89,6,verbal,adjective,말로 하는,We made a verbal agreement yesterday.,Is verbal communication better than writing?,NAWL
89,7,entity,noun,실체,Each company is a separate legal entity.,Is the mind an entity of its own?,NAWL
89,7,tumor,noun,종양,The doctor found a small tumor.,Was the tumor removed safely?,NAWL
89,7,psychology,noun,심리학,She studies psychology at the university.,Why is psychology so popular with students?,NAWL
89,7,diverse,adjective,다양한,The city has a diverse population.,Why are the students so diverse?,NAWL
89,7,continuity,noun,연속성,The company wants continuity in its leadership.,Is there continuity between the two stories?,NAWL
90,1,probe,verb,깊이 조사하다,Scientists probed the deep ocean floor.,The reporter probed into the company's past.,NAWL
90,1,migration,noun,이주,Bird migration begins in early autumn.,Migration to cities changed the country.,NAWL
90,1,mathematical,adjective,수학의,She solved a hard mathematical problem.,Is this a mathematical model of traffic?,NAWL
90,1,likelihood,noun,가능성,The likelihood of rain today is high.,What is the likelihood of success?,NAWL
90,1,comparable,adjective,비교할 만한,The two cars have comparable prices.,Is your salary comparable to hers?,NAWL
90,2,magnitude,noun,규모,The magnitude of the problem surprised everyone.,We measured the magnitude of the force.,NAWL
90,2,array,noun,배열,The solar panels form a neat array.,The data is stored in an array.,NAWL
90,2,inclusion,noun,포함,Her inclusion in the team surprised us.,The school supports the inclusion of all children.,NAWL
90,2,emission,noun,배출,Car emissions cause air pollution in cities.,How can we reduce carbon emissions?,NAWL
90,2,consciousness,noun,의식,He lost consciousness after the accident.,Consciousness returned to him slowly.,NAWL
90,3,simultaneously,adverb,동시에,The two events happened simultaneously.,Can you do both tasks simultaneously?,NAWL
90,3,disturbance,noun,방해,The noise caused a disturbance in class.,Sorry for the disturbance late at night.,NAWL
90,3,hierarchy,noun,계층 구조,The company has a strict hierarchy.,Where does he fit in the hierarchy?,NAWL
90,3,periodic,adjective,주기적인,The machine needs periodic checks.,Are periodic reports required by law?,NAWL
90,3,archaeology,noun,고고학,She studies archaeology at the university.,Is archaeology a popular subject here?,NAWL
90,4,modification,noun,수정,The plan needs a small modification.,Were any modifications made to the car?,NAWL
90,4,initiate,verb,시작하다,The company initiated a new training program.,Who initiated the talks between them?,NAWL
90,4,autonomy,noun,자율성,Students want more autonomy in their learning.,Does the local office have any autonomy?,NAWL
90,4,inhibit,verb,억제하다,Fear can inhibit a child's growth.,Stress inhibits good sleep at night.,NAWL
90,4,scenario,noun,시나리오,What is the worst scenario for us?,The team prepared for every scenario.,NAWL
90,5,conditional,adjective,조건부의,The offer is conditional on your grades.,Is the loan conditional on income?,NAWL
90,5,contrary,adjective,반대의,His view is contrary to mine.,"Contrary to our plans, we stayed home.",NAWL
90,5,discrete,adjective,별개의,The course has five discrete parts.,Are these two discrete problems?,NAWL
90,5,lateral,adjective,옆쪽의,The player made a lateral pass.,Does the knee allow lateral movement?,NAWL
90,5,effectiveness,noun,효과성,We tested the effectiveness of the new drug.,How do you measure its effectiveness?,NAWL
90,6,marginal,adjective,미미한,There was only a marginal improvement.,The difference in cost is marginal.,NAWL
90,6,ethical,adjective,윤리적인,Is it ethical to test drugs on animals?,The company follows ethical business practices.,NAWL
90,6,superior,adjective,우월한,This model is superior to the old one.,Their product has superior quality.,NAWL
90,6,approximate,adjective,대략적인,Give me an approximate number of guests.,The approximate cost is two hundred dollars.,NAWL
90,6,converge,verb,한곳으로 모이다,The two roads converge near the river.,All the lines converge at one point.,NAWL
90,7,comprehension,noun,이해,Reading comprehension is part of the test.,Her reading comprehension improved quickly.,NAWL
90,7,implicit,adjective,암묵적인,There was an implicit agreement between them.,His answer carried an implicit warning.,NAWL
90,7,span,noun,기간,Children have a short attention span.,"Over a span of ten years, prices doubled.",NAWL
90,7,dialect,noun,사투리,My grandmother speaks a southern dialect.,Which dialect do people speak there?,NAWL
90,7,algebra,noun,대수학,We learned algebra in middle school.,Is algebra harder than calculus?,NAWL
91,1,appendix,noun,부록,The data tables are in the appendix.,See the appendix for the full list.,NAWL
91,1,assert,verb,주장하다,He asserted that the plan would work.,She asserts her rights firmly.,NAWL
91,1,competence,noun,유능함,Her competence at work impressed everyone.,Does he have the competence for this job?,NAWL
91,1,residual,adjective,남아 있는,There is residual heat in the room.,Residual effects of the drug may remain.,NAWL
91,1,fusion,noun,융합,The restaurant serves fusion food from two cultures.,Nuclear fusion powers the sun.,NAWL
91,2,conservation,noun,보존,Forest conservation protects many animals.,Energy conservation can save you money.,NAWL
91,2,constrain,verb,제한하다,A small budget constrains our plans.,Do rules constrain what artists can create?,NAWL
91,2,virtue,noun,미덕,Honesty is a great virtue in a friend.,Which virtue do you value most?,NAWL
91,2,differentiate,verb,구별하다,Can you differentiate between the two colors?,Experts differentiate the two species by size.,NAWL
91,2,preliminary,adjective,예비의,The preliminary results look very positive.,We held a preliminary meeting last week.,NAWL
91,3,philosophical,adjective,철학적인,He asked a deep philosophical question.,Do you enjoy philosophical discussions?,NAWL
91,3,transaction,noun,거래,The bank recorded every transaction today.,Was the transaction completed online?,NAWL
91,3,prominent,adjective,눈에 띄는,Her name was prominent on the poster.,The church is a prominent building in town.,NAWL
91,3,indigenous,adjective,토착의,Indigenous people have lived here for centuries.,Are these plants indigenous to the island?,NAWL
91,3,render,verb,~하게 만들다,Heavy rain rendered the game impossible.,The news rendered him unable to speak.,NAWL
91,4,symbolic,adjective,상징적인,The gift was a symbolic gesture of peace.,Is the red flag symbolic of danger?,NAWL
91,4,utilize,verb,활용하다,We should utilize every resource we have.,How can we utilize this empty room?,NAWL
91,4,unity,noun,단결,The team showed great unity after the loss.,Unity among neighbors makes a strong community.,NAWL
91,4,critique,noun,비평,The professor wrote a critique of the book.,Could you write a critique of my essay?,NAWL
91,4,differentiation,noun,차별화,Product differentiation helps a company compete.,Clear differentiation between brands attracts customers.,NAWL
91,5,closure,noun,폐쇄,The road closure caused heavy traffic.,Did the factory closure affect many workers?,NAWL
91,5,minimize,verb,최소화하다,We must minimize the risk of injury.,How can we minimize the cost?,NAWL
91,5,selective,adjective,선택적인,She is very selective about her friends.,Is the school selective in choosing students?,NAWL
91,5,depict,verb,묘사하다,The painting depicts a quiet village at night.,How does the film depict city life?,NAWL
91,5,adjacent,adjective,인접한,The two adjacent rooms share a wall.,Is the park adjacent to the school?,NAWL
91,6,readily,adverb,손쉽게,Fresh water is readily available here.,She readily agreed to help us.,NAWL
91,6,generalization,noun,일반화,That is a broad generalization about students.,Avoid generalizations from a small sample.,NAWL
91,6,reinforce,verb,강화하다,Practice will reinforce what you learned.,The news reinforced my belief.,NAWL
91,6,simulate,verb,모의 실험하다,The computer can simulate a storm.,We simulated the traffic with a model.,NAWL
91,6,adaptive,adjective,적응력 있는,Humans are highly adaptive creatures.,The software uses an adaptive system.,NAWL
91,7,protocol,noun,정해진 절차,Follow the safety protocol at all times.,What is the protocol for this test?,NAWL
91,7,progressive,adjective,진보적인,The school has progressive ideas about teaching.,Her parents hold progressive views.,NAWL
91,7,aesthetic,adjective,미적인,The building has great aesthetic appeal.,Do you like its aesthetic style?,NAWL
91,7,exploit,verb,착취하다,The company exploited its workers for years.,Do not exploit people who trust you.,NAWL
91,7,practitioner,noun,실무자,She is a medical practitioner in town.,Practitioners share their experience at the conference.,NAWL
92,1,pragmatic,adjective,실용적인,She takes a pragmatic approach to problems.,Is that a pragmatic solution?,NAWL
92,1,productivity,noun,생산성,Better tools improved the workers' productivity.,How can we raise productivity this year?,NAWL
92,1,reproduce,verb,재현하다,Other scientists could not reproduce the result.,Can you reproduce the error on your computer?,NAWL
92,1,commentary,noun,해설,The film comes with a director's commentary.,Did you read his commentary on the game?,NAWL
92,1,residue,noun,잔여물,There was some residue in the glass.,Wash the residue off the plate.,NAWL
92,2,consensus,noun,의견 일치,The team reached a consensus quickly.,Is there a consensus on the plan?,NAWL
92,2,purely,adverb,순전히,It was purely an accident.,I did it purely for fun.,NAWL
92,2,contradiction,noun,모순,There is a contradiction in his story.,Do you see the contradiction here?,NAWL
92,2,problematic,adjective,문제가 있는,This plan is problematic for many reasons.,Why is the new rule problematic?,NAWL
92,2,ethics,noun,윤리,Ethics is an important part of medicine.,The company follows strict business ethics.,NAWL
92,3,accumulation,noun,축적,Exercise reduces the accumulation of fat.,The accumulation of snow closed the road.,NAWL
92,3,static,adjective,정적인,Prices have remained static this year.,The picture on the screen was static.,NAWL
92,3,consent,noun,동의,Doctors need the patient's consent first.,Did she give her consent?,NAWL
92,3,discrimination,noun,차별,The law bans discrimination at work.,She faced discrimination because of her age.,NAWL
92,3,randomize,verb,무작위로 정하다,The program randomizes the order of songs.,We randomized the participants into two groups.,NAWL
92,4,sensory,adjective,감각의,Babies learn through sensory experience.,The museum offers a sensory tour.,NAWL
92,4,confine,verb,한정하다,Please confine your answer to one page.,Was the study confined to young adults?,NAWL
92,4,peripheral,adjective,주변의,That issue is peripheral to our main topic.,Are these details peripheral or central?,NAWL
92,4,spontaneous,adjective,즉흥적인,Their trip was completely spontaneous.,Was that a spontaneous decision?,NAWL
92,4,reliability,noun,신뢰성,The reliability of this data is high.,Can we test the reliability of the results?,NAWL
92,5,orient,verb,방향을 맞추다,The map helped us orient ourselves.,Which way should we orient the table?,NAWL
92,5,elaborate,verb,자세히 설명하다,Could you elaborate on your plan?,She elaborated on the main point.,NAWL
92,5,nominal,adjective,명목상의,He is the nominal leader of the group.,Is her role there only nominal?,NAWL
92,5,dominance,noun,지배력,The company's dominance of the market is clear.,Their dominance in the sport lasted years.,NAWL
92,5,allocation,noun,배분,The allocation of funds was fair.,Who decides the allocation of rooms?,NAWL
92,6,conscious,adjective,의식하는,He is conscious of his own mistakes.,Are you conscious of the time?,NAWL
92,6,transmit,verb,전송하다,The device transmits data to the server.,How is the signal transmitted to the phone?,NAWL
92,6,conceive,verb,생각해 내다,She conceived a plan for the new park.,Can you conceive of life without phones?,NAWL
92,6,offspring,noun,자손,The birds feed their offspring every day.,How many offspring does a cat have?,NAWL
92,6,circulation,noun,순환,Exercise improves your blood circulation.,Is the air circulation in this room good?,NAWL
92,7,necessity,noun,필요성,There is no necessity to hurry.,Do you see the necessity of this change?,NAWL
92,7,subjective,adjective,주관적인,Taste in music is very subjective.,Is your opinion subjective or based on facts?,NAWL
92,7,accumulate,verb,쌓이다,Dust accumulates quickly on the shelf.,How did so much waste accumulate here?,NAWL
92,7,maximize,verb,최대화하다,We want to maximize our profit this year.,How can we maximize the space here?,NAWL
92,7,complication,noun,합병증,The surgery had no serious complications.,Can this illness cause other complications?,NAWL
93,1,plural,noun,복수형,The plural of child is children.,Do you know the plural of mouse?,NAWL
93,1,monetary,adjective,화폐의,The bank sets monetary policy each year.,Is there a monetary reward for this?,NAWL
93,1,likewise,adverb,마찬가지로,"She smiled, and he did likewise.","Likewise, the second test showed good results.",NAWL
93,1,tolerance,noun,관용,We should teach children tolerance.,Tolerance of other views is important.,NAWL
93,1,articulate,verb,분명히 말하다,She can articulate her ideas clearly.,Can you articulate why you disagree?,NAWL
93,2,mobility,noun,이동성,Bikes give students more mobility in the city.,Her mobility improved after the surgery.,NAWL
93,2,manipulation,noun,조작,The data manipulation took several hours.,Was there any manipulation of the results?,NAWL
93,2,elevate,verb,높이다,Exercise can elevate your heart rate.,Elevate your leg to reduce the pain.,NAWL
93,2,nationalism,noun,민족주의,Nationalism grew strong in the last century.,The book studies nationalism in modern history.,NAWL
93,2,analogy,noun,비유,The teacher used an analogy to explain it.,Is that analogy really accurate?,NAWL
93,3,adverse,adjective,불리한,Adverse weather delayed the flight.,Did the drug have adverse effects?,NAWL
93,3,plausible,adjective,그럴듯한,His story sounds plausible to me.,Is that a plausible explanation?,NAWL
93,3,nitrogen,noun,질소,Nitrogen makes up most of the air.,Plants need nitrogen to grow well.,NAWL
93,3,controversy,noun,논란,The new law caused great controversy.,Why is there controversy about this film?,NAWL
93,3,strategic,adjective,전략적인,The company made a strategic decision.,Is this location strategic for business?,NAWL
93,4,justification,noun,정당한 이유,There was no justification for his anger.,What is the justification for this cost?,NAWL
93,4,execution,noun,실행,The plan failed because of poor execution.,How long did the program's execution take?,NAWL
93,4,constitution,noun,헌법,The constitution protects our basic rights.,When was the constitution written?,NAWL
93,4,acceleration,noun,가속,The car's acceleration surprised me.,We measured the acceleration of the ball.,NAWL
93,4,undermine,verb,약화시키다,Stress can undermine your health.,Did the mistake undermine her confidence?,NAWL
93,5,unify,verb,통합하다,The new leader wants to unify the country.,Can music unify people from different cultures?,NAWL
93,5,philosopher,noun,철학자,The philosopher wrote about happiness.,Which philosopher do you like most?,NAWL
93,5,objection,noun,반대 의견,Does anyone have an objection to the plan?,She raised an objection during the meeting.,NAWL
93,5,diagnose,verb,진단하다,The doctor diagnosed her illness quickly.,Can this test diagnose the disease early?,NAWL
93,5,realm,noun,영역,This idea belongs to the realm of science.,Music opened a whole new realm for me.,NAWL
93,6,clarify,verb,명확히 하다,Could you clarify what you mean?,The teacher clarified the difficult point.,NAWL
93,6,curriculum,noun,교육과정,The school changed its curriculum this year.,Does the curriculum include music?,NAWL
93,6,coherent,adjective,일관된,Her argument was clear and coherent.,Is the story coherent from start to end?,NAWL
93,6,standardize,verb,표준화하다,The company standardized its test process.,Should we standardize the size of the forms?,NAWL
93,6,civilization,noun,문명,Ancient civilizations built great cities.,How did this civilization disappear?,NAWL
93,7,bacterial,adjective,세균의,He has a bacterial infection in his ear.,Are bacterial diseases easy to treat?,NAWL
93,7,deficiency,noun,결핍,Iron deficiency can make you feel tired.,Does she have a vitamin deficiency?,NAWL
93,7,legitimate,adjective,정당한,That is a legitimate reason to leave early.,Are his complaints legitimate?,NAWL
93,7,sophisticate,adjective,정교한,This phone has a very sophisticated camera.,Is the new system more sophisticated?,NAWL
93,7,formally,adverb,공식적으로,The new rule was formally announced today.,Did you formally accept the offer?,NAWL
94,1,influential,adjective,영향력 있는,She is an influential writer in her country.,Who is the most influential teacher here?,NAWL
94,1,progression,noun,진행,The doctor watched the progression of the disease.,Is there a natural progression in the course?,NAWL
94,1,essence,noun,본질,Kindness is the essence of good service.,What is the essence of good teaching?,NAWL
94,1,predominantly,adverb,주로,The class is predominantly female.,Are the workers predominantly young?,NAWL
94,1,impulse,noun,충동,She bought the dress on impulse.,Did you act on a sudden impulse?,NAWL
94,2,manipulate,verb,조작하다,He tried to manipulate the results.,Did they manipulate the test data?,NAWL
94,2,alliance,noun,동맹,The two countries formed an alliance.,Is the alliance still strong today?,NAWL
94,2,resistant,adjective,잘 견디는,This watch is resistant to water.,Are these plants resistant to cold?,NAWL
94,2,dimensional,adjective,차원의,We watched a three-dimensional movie.,Is the map two-dimensional or three-dimensional?,NAWL
94,2,artifact,noun,유물,The museum shows artifacts from ancient times.,Is this artifact made of gold?,NAWL
94,3,surgical,adjective,수술의,The doctor used surgical tools.,Does she wear a surgical mask?,NAWL
94,3,coordination,noun,조율,Good coordination between teams is important.,Does the job need coordination with others?,NAWL
94,3,turbulent,adjective,요동치는,The plane flew through turbulent air.,Was it a turbulent year for the company?,NAWL
94,3,grasp,verb,파악하다,She quickly grasped the main idea.,Did you grasp what the teacher said?,NAWL
94,3,bulk,noun,대부분,The bulk of the work is done.,Who did the bulk of the cooking?,NAWL
94,4,vegetation,noun,초목,The island has thick green vegetation.,Is there any vegetation in the desert?,NAWL
94,4,execute,verb,실행하다,The team executed the plan well.,Can the computer execute this program?,NAWL
94,4,intensive,adjective,집중적인,She took an intensive language course.,Was the training too intensive for you?,NAWL
94,4,reconstruct,verb,재구성하다,The police reconstructed the accident.,Can you reconstruct what happened last night?,NAWL
94,4,broadly,adverb,대체로,"Broadly speaking, the plan worked.",The two ideas are broadly similar.,NAWL
94,5,revolutionary,adjective,혁명적인,The phone was a revolutionary product.,Is this new idea really revolutionary?,NAWL
94,5,merge,verb,합치다,The two companies merged last year.,Can we merge these two files?,NAWL
94,5,dilemma,noun,딜레마,I face a dilemma about my job.,How did you solve your dilemma?,NAWL
94,5,motive,noun,동기,What was his motive for the crime?,The police found no clear motive.,NAWL
94,5,subtle,adjective,미묘한,There is a subtle difference in taste.,Did you notice the subtle change?,NAWL
94,6,allocate,verb,할당하다,The school allocated money for new books.,How much time should we allocate?,NAWL
94,6,susceptible,adjective,영향받기 쉬운,Children are more susceptible to colds.,Why are babies so susceptible to illness?,NAWL
94,6,momentum,noun,탄력,The project is gaining momentum now.,How can we keep the momentum going?,NAWL
94,6,morality,noun,도덕성,The story raises questions about morality.,Does morality change over time?,NAWL
94,6,communicative,adjective,의사소통의,The class uses a communicative teaching method.,Are communicative skills important for teachers?,NAWL
94,7,politically,adverb,정치적으로,The issue is politically sensitive.,Why is this politically important?,NAWL
94,7,inevitably,adverb,필연적으로,Prices will inevitably rise next year.,"Inevitably, the old system failed.",NAWL
94,7,capitalism,noun,자본주의,Capitalism depends on private property.,Does capitalism reduce poverty?,NAWL
94,7,expertise,noun,전문 지식,Her expertise in law is well known.,We need someone with technical expertise.,NAWL
94,7,inferior,adjective,열등한,The cheap copy was inferior.,Why is this product inferior to that one?,NAWL
95,1,quotation,noun,인용문,He began his speech with a quotation.,Where did you find that quotation?,NAWL
95,1,historically,adverb,역사적으로,"Historically, the town grew around the river.",Is this building historically important?,NAWL
95,1,capitalist,noun,자본가,The capitalist invested in a new factory.,Is every business owner a capitalist?,NAWL
95,1,initiation,noun,시작,The initiation of the project was delayed.,Who approved the initiation of the study?,NAWL
95,1,consultation,noun,상담,I have a consultation with my doctor.,Did you book a consultation with the lawyer?,NAWL
95,2,commodity,noun,상품,Oil is an important commodity.,Which commodity rose in price this year?,NAWL
95,2,elevation,noun,고도,The town sits at a high elevation.,What is the elevation of this mountain?,NAWL
95,2,intervene,verb,개입하다,The teacher had to intervene in the fight.,Should the government intervene in the market?,NAWL
95,2,compensate,verb,보상하다,The company will compensate the injured workers.,How will you compensate for the loss?,NAWL
95,2,atomic,adjective,원자의,Atomic energy powers many cities.,What is the atomic weight of carbon?,NAWL
95,3,trivial,adjective,사소한,Don't worry about such trivial problems.,Is this detail really trivial?,NAWL
95,3,stance,noun,입장,What is your stance on this issue?,The government changed its stance on taxes.,NAWL
95,3,stabilize,verb,안정시키다,The medicine helped stabilize her heart rate.,Did prices stabilize after the crisis?,NAWL
95,3,profound,adjective,깊은,The book had a profound effect on me.,Why was her speech so profound?,NAWL
95,3,whereby,adverb,그에 따라,We need a system whereby everyone can vote.,Is there a rule whereby students get help?,NAWL
95,4,elimination,noun,제거,The elimination of errors took a week.,Our goal is the elimination of poverty.,NAWL
95,4,corruption,noun,부패,The report found corruption in the company.,How can we stop corruption?,NAWL
95,4,circulate,verb,순환하다,Blood circulates through the whole body.,Does warm air circulate around the room?,NAWL
95,4,obscure,adjective,잘 알려지지 않은,He plays music by an obscure band.,Why do you like such obscure films?,NAWL
95,4,contradict,verb,모순되다,The two reports contradict each other.,Does this fact contradict your theory?,NAWL
95,5,interfere,verb,간섭하다,Please do not interfere with my work.,Why does he always interfere with our plans?,NAWL
95,5,trauma,noun,트라우마,The accident left him with deep trauma.,Can talking help with childhood trauma?,NAWL
95,5,gross,adjective,총,His gross income was very high.,What is the gross weight of the box?,NAWL
95,5,communist,adjective,공산주의의,The country had a communist government.,He studied the history of communist states.,NAWL
95,5,viable,adjective,실행 가능한,Is this plan viable?,We need a viable way to save money.,NAWL
95,6,retrieve,verb,되찾다,The dog retrieved the ball from the water.,Can you retrieve the file from the computer?,NAWL
95,6,presume,verb,추정하다,I presume you have finished your work.,Why did you presume I was angry?,NAWL
95,6,stereotype,noun,고정관념,That is a common stereotype about teenagers.,Do movies create stereotypes about people?,NAWL
95,6,faculty,noun,교수진,The faculty met to discuss the new plan.,Are all faculty members at the meeting?,NAWL
95,6,portray,verb,묘사하다,The film portrays life in a small village.,How does the book portray the king?,NAWL
95,7,fracture,noun,골절,The doctor found a fracture in her arm.,Did the fall cause a fracture?,NAWL
95,7,transplant,noun,이식,He needs a heart transplant soon.,Was the transplant successful?,NAWL
95,7,epidemic,noun,유행병,The epidemic spread quickly across the country.,How did the epidemic finally end?,NAWL
95,7,irrelevant,adjective,관련 없는,That question is irrelevant to our topic.,Why did he mention irrelevant details?,NAWL
95,7,fatigue,noun,피로,He felt great fatigue after the long trip.,Fatigue can cause mistakes at work.,NAWL
96,1,nonetheless,adverb,그럼에도 불구하고,The work was hard but nonetheless fun.,"Nonetheless, he decided to try again.",NAWL
96,1,infectious,adjective,전염되는,The disease is highly infectious.,Is this cold infectious?,NAWL
96,1,psychologist,noun,심리학자,The psychologist listened carefully to the child.,Do you want to become a psychologist?,NAWL
96,1,treaty,noun,조약,The two countries signed a peace treaty.,When was the treaty signed?,NAWL
96,1,rehabilitation,noun,재활,His rehabilitation after the injury took months.,Does the hospital offer rehabilitation programs?,NAWL
96,2,illusion,noun,착각,The mirror creates an illusion of space.,"Was it real, or just an illusion?",NAWL
96,2,optimum,adjective,최적의,What is the optimum temperature for growth?,The plants grew under optimum conditions.,NAWL
96,2,migrate,verb,이주하다,Many families migrated to the city for work.,Why do people migrate to other countries?,NAWL
96,2,fundamentally,adverb,근본적으로,The two plans are fundamentally different.,Has the system fundamentally changed?,NAWL
96,2,synthetic,adjective,합성의,This shirt is made of synthetic material.,Is this rubber natural or synthetic?,NAWL
96,3,contradictory,adjective,모순되는,The two reports are contradictory.,Why are his answers so contradictory?,NAWL
96,3,sensation,noun,감각,I felt a strange sensation in my arm.,The cold water gave me a sharp sensation.,NAWL
96,3,sustainable,adjective,지속 가능한,We need sustainable energy for the future.,Is this farming method sustainable?,NAWL
96,3,dictate,verb,좌우하다,The weather dictates our plans today.,Does the price dictate what people buy?,NAWL
96,3,enforcement,noun,집행,The law needs strong enforcement.,Who is responsible for enforcement?,NAWL
96,4,parenthesis,noun,소괄호,Close the parenthesis after the last word.,Why is there a parenthesis here?,NAWL
96,4,noble,adjective,고귀한,Helping others is a noble act.,She has a noble heart.,NAWL
96,4,crude,adjective,조잡한,He drew a crude map on paper.,The tool looks crude but works well.,NAWL
96,4,deliberately,adverb,일부러,He deliberately left the door open.,Did you break it deliberately?,NAWL
96,4,surplus,noun,잉여,The farm has a surplus of wheat.,What will we do with the surplus?,NAWL
96,5,directive,noun,지시,The manager sent a new directive.,Did you read the latest directive?,NAWL
96,5,globalization,noun,세계화,Globalization connects markets around the world.,How does globalization affect local jobs?,NAWL
96,5,portfolio,noun,포트폴리오,She showed her portfolio to the manager.,Did you update your portfolio this year?,NAWL
96,5,monopoly,noun,독점,The company has a monopoly on water.,Is a monopoly bad for customers?,NAWL
96,5,transcribe,verb,받아 적다,Please transcribe the interview by tomorrow.,She transcribed every word of the lecture.,NAWL
96,6,economically,adverb,경제적으로,The town is doing well economically.,Is the plan economically possible?,NAWL
96,6,critically,adverb,비판적으로,Students should read the news critically.,Do you think critically about what you read?,NAWL
96,6,prejudice,noun,편견,Prejudice can hurt people deeply.,Do you have any prejudice against them?,NAWL
96,6,domination,noun,지배,The team showed total domination this season.,Is world domination just a movie idea?,NAWL
96,6,undergraduate,noun,학부생,She is an undergraduate at the university.,Do undergraduates need to write a thesis?,NAWL
96,7,innate,adjective,타고난,She has an innate talent for music.,Is language ability innate or learned?,NAWL
96,7,dioxide,noun,이산화물,Trees take in carbon dioxide from the air.,Does the car produce carbon dioxide?,NAWL
96,7,emit,verb,내뿜다,Cars emit gas into the air.,What kind of light does it emit?,NAWL
96,7,confound,verb,혼란스럽게 하다,The results confounded the scientists.,Why does this puzzle confound everyone?,NAWL
96,7,competent,adjective,유능한,She is a competent and careful driver.,Is the new manager competent enough?,NAWL
97,1,degrade,verb,질을 떨어뜨리다,Poor storage degrades the quality of wine.,Does strong light degrade the color of paint?,NAWL
97,1,footnote,noun,각주,The footnote explains the source.,Did you read the footnotes at the bottom?,NAWL
97,1,bodily,adjective,신체의,The doctor explained basic bodily functions.,Bodily harm is a serious crime.,NAWL
97,1,niche,noun,틈새시장,The shop found a niche selling old books.,Every small business needs its own niche.,NAWL
97,1,affirm,verb,단언하다,The manager affirmed his support for the plan.,She affirmed that the report was true.,NAWL
97,2,antiquity,noun,고대,These coins date from antiquity.,Writers in antiquity told many famous tales.,NAWL
97,2,forum,noun,공개 토론회,The city held a forum on public safety.,She asked her question on an online forum.,NAWL
97,2,republic,noun,공화국,The country became a republic long ago.,A republic elects its own leaders.,NAWL
97,2,comply,verb,규칙을 따르다,All drivers must comply with the speed limit.,Did the factory comply with safety rules?,NAWL
97,2,audit,noun,회계 감사,The company faces an audit next month.,An audit found several errors in the accounts.,NAWL
97,3,abdominal,adjective,복부의,He felt sharp abdominal pain last night.,The doctor pressed on his abdominal area.,NAWL
97,3,precipitation,noun,강수량,Precipitation was heavy this spring.,The forecast shows little precipitation tomorrow.,NAWL
97,3,supposedly,adverb,추정상,He supposedly left the city last year.,The store is supposedly open today.,NAWL
97,3,transparency,noun,투명성,The company promised more transparency.,Voters want transparency in government.,NAWL
97,3,precipitate,verb,촉발시키다,The storm precipitated a change of plans.,What precipitated the sudden drop in prices?,NAWL
97,4,industrialization,noun,산업화,Industrialization changed how people lived and worked.,When did industrialization begin in this country?,NAWL
97,4,facet,noun,한 측면,Every facet of the plan was discussed.,Which facet of the job interests you most?,NAWL
97,4,variable,noun,변수,Temperature is an important variable in this experiment.,How many variables does the model have?,NGSL
97,4,clinical,adjective,임상의,The drug passed its clinical trials.,She does clinical research at the hospital.,NGSL
97,4,compound,noun,화합물,Water is a simple chemical compound.,Which compound did the scientists discover?,NGSL
97,5,hypothesis,noun,가설,The test supports our hypothesis.,What is your hypothesis for this experiment?,NGSL
97,5,density,noun,밀도,Water has a higher density than oil.,The city has a high population density.,NGSL
97,5,module,noun,구성 단위,Each module of the course takes a week.,This software module handles the payments.,NGSL
97,5,repertoire,noun,공연 목록,The singer has a wide repertoire.,She added new songs to her repertoire.,NAWL
97,5,parameter,noun,매개변수,Set each parameter before running the test.,Which parameters affect the result most?,NAWL
97,6,denote,verb,나타내다,The red line denotes the average.,What does this symbol denote?,NAWL
97,6,semantic,adjective,의미의,The two words have a semantic difference.,Is this a semantic or a grammar issue?,NAWL
97,6,matrix,noun,행렬,This matrix has three rows and two columns.,Can you add these two matrices together?,NAWL
97,6,linear,adjective,선형의,The graph shows a linear relationship.,Is the growth linear or not?,NAWL
97,6,cognitive,adjective,인지의,Children develop cognitive skills as they grow.,Does sleep affect cognitive ability?,NAWL
97,7,correlation,noun,상관관계,There is a correlation between sleep and health.,Did the study find any correlation?,NAWL
97,7,linguistic,adjective,언어의,Children have amazing linguistic ability.,Are linguistic skills learned or natural?,NAWL
97,7,velocity,noun,속도,The car reached a high velocity.,How do you measure the velocity of light?,NAWL
97,7,discourse,noun,담론,Public discourse on health has changed.,How does online discourse shape our views?,NAWL
97,7,stimulus,noun,자극,The brain responds to every stimulus.,What stimulus made the animal move?,NAWL
98,1,electron,noun,전자,An electron has a negative charge.,How many electrons move through the wire?,NAWL
98,1,algorithm,noun,알고리즘,The algorithm sorts the data quickly.,Which algorithm did you use here?,NAWL
98,1,developmental,adjective,발달의,The child reached a developmental stage early.,Are these developmental problems common?,NAWL
98,1,spatial,adjective,공간의,Maps show spatial relationships between places.,Does the game improve spatial ability?,NAWL
98,1,molecule,noun,분자,A water molecule is very small.,How many molecules are in this drop?,NAWL
98,2,marker,noun,표지자,The blood marker showed the disease early.,Is this gene a marker for cancer?,NAWL
98,2,empirical,adjective,경험적인,We need empirical evidence for this claim.,Is your theory based on empirical data?,NAWL
98,2,statistical,adjective,통계적인,The statistical analysis took two days.,Do you use statistical methods at work?,NAWL
98,2,equilibrium,noun,평형 상태,The system reached equilibrium after an hour.,Is the market in equilibrium now?,NAWL
98,2,node,noun,연결점,Each node in the network sends data.,Which node failed last night?,NAWL
98,3,correlate,verb,상관관계가 있다,Income often correlates with education level.,Do these two factors correlate?,NAWL
98,3,mortality,noun,사망률,Child mortality has fallen in many countries.,Why is mortality higher in winter?,NAWL
98,3,antibody,noun,항체,The body makes antibodies to fight the virus.,Do you have antibodies after the illness?,NAWL
98,3,temporal,adjective,시간의,The study looked at temporal patterns in sales.,Is there a temporal order to these events?,NAWL
98,3,behavioral,adjective,행동의,The study measured behavioral changes in children.,Are there behavioral differences between the groups?,NAWL
98,4,mutation,noun,돌연변이,The virus had a new mutation last year.,Can a mutation change eye color?,NAWL
98,4,spectrum,noun,범위,Light has a wide spectrum of colors.,Where does this fall on the spectrum?,NAWL
98,4,nucleus,noun,핵,The cell nucleus holds the genes.,Does every cell have a nucleus?,NAWL
98,4,subset,noun,부분집합,This group is a subset of that one.,Is a small subset enough for the test?,NAWL
98,4,proposition,noun,명제,Is this proposition true or false?,The proposition seems simple but is deep.,NAWL
98,5,prevalence,noun,유병률,The prevalence of the disease is rising.,Doctors study the prevalence of heart disease.,NAWL
98,5,differential,adjective,차등적인,Workers received differential pay for night shifts.,Is differential treatment fair to all students?,NAWL
98,5,configuration,noun,구성,Check the configuration of the new system.,Which configuration works best for you?,NAWL
98,5,locus,noun,중심지,The brain is the locus of thought.,Where is the locus of this problem?,NAWL
98,5,approximation,noun,근사치,This number is only an approximation.,Can you give me an approximation?,NAWL
98,6,syndrome,noun,증후군,The doctor explained the syndrome to her.,Is this syndrome common in children?,NAWL
98,6,comparative,adjective,비교의,She did a comparative study of languages.,The report includes comparative data.,NAWL
98,6,encode,verb,부호화하다,The computer encodes the data quickly.,How does the brain encode memories?,NAWL
98,6,incidence,noun,발생률,The incidence of the disease is rising.,What is the incidence of cancer here?,NAWL
98,6,induction,noun,귀납법,Induction moves from examples to rules.,Scientists often use induction in research.,NAWL
98,7,trajectory,noun,궤적,The ball followed a curved trajectory.,Can you predict the trajectory of the ball?,NAWL
98,7,conceptual,adjective,개념적인,The class covered conceptual ideas about design.,Is this a conceptual or practical problem?,NAWL
98,7,neural,adjective,신경의,The brain has many neural connections.,Scientists study neural networks in the brain.,NAWL
98,7,quantitative,adjective,양적인,The study used quantitative data from surveys.,We need quantitative evidence for this claim.,NAWL
98,7,computation,noun,계산,The computation took only a few seconds.,This computation requires a fast computer.,NAWL
99,1,evolutionary,adjective,진화의,Birds went through many evolutionary changes.,Is this an evolutionary advantage for fish?,NAWL
99,1,nonlinear,adjective,비선형의,The relationship between them is nonlinear.,Nonlinear systems are hard to predict.,NAWL
99,1,deviation,noun,편차,The deviation from the average was small.,There is little deviation in the test scores.,NAWL
99,1,syntax,noun,문장 구조,The syntax of this sentence is wrong.,Do you understand the syntax of this language?,NAWL
99,1,convergence,noun,수렴,The convergence of the two rivers is beautiful.,Was there any convergence of ideas?,NAWL
99,2,acute,adjective,급성의,He has an acute pain in his stomach.,Is the illness acute or chronic?,NAWL
99,2,aggregate,noun,총합,The aggregate of all sales was high.,What is the aggregate of these scores?,NAWL
99,2,gradient,noun,기울기,The line has a gradient of two.,Can you calculate the gradient of this line?,NAWL
99,2,methodology,noun,방법론,Our research methodology was very careful.,What methodology did you use in the study?,NAWL
99,2,paradigm,noun,사고의 틀,The new theory changed the scientific paradigm.,Is this a new paradigm for education?,NAWL
99,3,diagnostic,adjective,진단을 위한,The hospital bought a new diagnostic machine.,Did the diagnostic test show any problems?,NAWL
99,3,variability,noun,변동성,There is high variability in the data.,Why is there so much variability in prices?,NAWL
99,3,notation,noun,표기법,Musical notation is hard to read at first.,Which notation does this book use?,NAWL
99,3,inference,noun,추론,She made an inference from the data.,Is that inference based on facts?,NAWL
99,3,validity,noun,타당성,He questioned the validity of the test.,Does the study have any validity?,NAWL
99,4,consonant,noun,자음,This word begins with a consonant.,How many consonants are in the word?,NAWL
99,4,characterization,noun,특징 묘사,The novel's characterization of the king is brilliant.,His characterization of the problem was fair.,NAWL
99,4,singular,adjective,단수의,The singular form of children is child.,Use a singular verb with this noun.,NAWL
99,4,fetal,adjective,태아의,The doctor checked the fetal heart rate.,Fetal development continues for nine months.,NAWL
99,4,formulation,noun,공식화,The formulation of the plan took months.,Her formulation of the problem was clear.,NAWL
99,5,diffusion,noun,확산,The smell spread through the room by diffusion.,The diffusion of new ideas was rapid.,NAWL
99,5,specimen,noun,표본,The scientist examined the specimen carefully.,Where did you collect this specimen?,NAWL
99,5,physiological,adjective,생리적인,Sleep has many physiological benefits.,Stress causes physiological changes in the body.,NAWL
99,5,psychiatric,adjective,정신과의,She works in a psychiatric hospital.,Does he need psychiatric care right now?,NAWL
99,5,fertility,noun,생식 능력,Fertility rates fell in many countries.,Does diet affect fertility?,NAWL
99,6,inhibition,noun,억제,The drug causes inhibition of cell growth.,Inhibition of the enzyme was measured.,NAWL
99,6,qualitative,adjective,질적인,We used a qualitative research method.,Is this a qualitative study?,NAWL
99,6,transcription,noun,전사,The transcription of the interview took hours.,Who did the transcription of the tape?,NAWL
99,6,statistically,adverb,통계적으로,The result was statistically significant.,Is the difference statistically important?,NAWL
99,6,ecology,noun,생태학,She studies the ecology of the river.,Is ecology part of biology?,NAWL
99,7,null,adjective,값이 없는,The name field is still null.,Is the value null or zero?,NAWL
99,7,discharge,verb,퇴원시키다,The doctor discharged him this morning.,When will they discharge her from hospital?,NAWL
99,7,ecological,adjective,생태계의,The factory caused serious ecological damage.,What are the ecological effects of pollution?,NAWL
99,7,equivalence,noun,동등함,The test showed equivalence between the two methods.,Is there equivalence between these two terms?,NAWL
99,7,radius,noun,반지름,The circle has a radius of two meters.,Measure the radius of this circle.,NAWL
100,1,pi,noun,원주율,Pi is a little more than three.,Do you remember the value of pi?,NAWL
100,1,replicate,verb,재현하다,Other scientists could not replicate the results.,Can you replicate this experiment?,NAWL
100,1,linguistics,noun,언어학,She studies linguistics at university.,Is linguistics a difficult subject?,NAWL
100,1,reproduction,noun,번식,Reproduction is a key part of animal life.,How does reproduction work in these plants?,NAWL
100,1,metaphor,noun,은유,The poet uses a metaphor for love.,Is this sentence a metaphor?,NAWL
100,2,absorption,noun,흡수,Water absorption is high in this soil.,The drug's absorption takes about two hours.,NAWL
100,2,thermal,adjective,열의,Thermal energy heats the water in the tank.,These thermal clothes keep you warm.,NAWL
100,2,flux,noun,끊임없는 변화,The plans are still in flux.,Prices are in flux this month.,NAWL
100,2,binary,adjective,이진의,Computers store data in binary form.,Is this a binary choice?,NAWL
100,2,contour,noun,윤곽,The map shows the contours of the hills.,She drew the contour of his face.,NAWL
100,3,replication,noun,복제,Replication of the virus happens inside cells.,Scientists studied the replication of the gene.,NAWL
100,3,exponential,adjective,기하급수적인,The company saw exponential growth this year.,Is the increase exponential or linear?,NAWL
100,3,theorist,noun,이론가,The theorist wrote a book about language.,Is she a political theorist?,NAWL
100,3,rhetoric,noun,수사법,His speech was full of empty rhetoric.,Do you study rhetoric at university?,NAWL
100,3,primer,noun,입문서,This book is a good primer on science.,Did you read the primer before class?,NAWL
100,4,terminology,noun,전문 용어,Medical terminology is hard to learn.,Do you know any legal terminology?,NAWL
100,4,motif,noun,중심 소재,The bird is a motif in her poems.,Which motif appears in this novel?,NAWL
100,4,dissertation,noun,학위 논문,She is writing her dissertation on history.,When is your dissertation due?,NAWL
100,4,composite,adjective,복합적인,The boat is made of composite materials.,Is this a composite score?,NAWL
100,4,genetics,noun,유전학,She studies genetics at the university.,Genetics explains why you look like your parents.,NAWL
100,5,respiratory,adjective,호흡의,Smoking causes many respiratory problems.,The doctor checked his respiratory system.,NAWL
100,5,optical,adjective,광학의,Optical instruments use light to see things.,Does this shop sell optical equipment?,NAWL
100,5,rationality,noun,합리성,Rationality guides most of his decisions.,Does rationality always lead to good choices?,NAWL
100,5,anthropology,noun,인류학,He studies anthropology at college.,Anthropology looks at how people live together.,NAWL
100,5,axiom,noun,공리,This axiom is the basis of the theory.,Can you prove an axiom?,NAWL
100,6,irrigation,noun,관개,Irrigation brings water to the dry fields.,Does the farm use irrigation in summer?,NAWL
100,6,paradox,noun,역설,This paradox is hard to explain.,Is it a paradox or just a mistake?,NAWL
100,6,elasticity,noun,탄력성,This material has high elasticity.,The elasticity of demand changed this year.,NAWL
100,6,cyclic,adjective,주기적인,The seasons follow a cyclic pattern.,Is this change cyclic or random?,NAWL
100,6,friction,noun,마찰,Friction slows the moving ball down.,Does ice reduce friction on roads?,NAWL
100,7,potassium,noun,칼륨,This fruit is rich in potassium.,Does this food contain potassium?,NAWL
100,7,reactive,adjective,반응성이 높은,Sodium is a highly reactive metal.,Why is this chemical so reactive?,NAWL
100,7,genetically,adverb,유전적으로,The two plants are genetically similar.,Is this food genetically modified?,NAWL
100,7,realism,noun,사실주의,The painting shows great realism.,Do you prefer realism in movies?,NAWL
100,7,soluble,adjective,녹는,Salt is soluble in water.,Is this vitamin soluble in fat?,NAWL
